DELETE FROM `gossip_menu` WHERE (`entry`=18180 AND `text_id`=25179) OR (`entry`=18178 AND `text_id`=25529) OR (`entry`=18177 AND `text_id`=25530) OR (`entry`=18176 AND `text_id`=25531) OR (`entry`=18175 AND `text_id`=25533) OR (`entry`=18174 AND `text_id`=25868) OR (`entry`=18173 AND `text_id`=25869) OR (`entry`=18066 AND `text_id`=26006) OR (`entry`=19923 AND `text_id`=29600);
INSERT INTO `gossip_menu` (`entry`, `text_id`) VALUES
(18180, 25179), -- 90086 (Ooka Dooker)
(18178, 25529), -- 90086 (Ooka Dooker)
(18177, 25530), -- 90086 (Ooka Dooker)
(18176, 25531), -- 90086 (Ooka Dooker)
(18175, 25533), -- 90086 (Ooka Dooker)
(18174, 25868), -- 90086 (Ooka Dooker)
(18173, 25869), -- 90086 (Ooka Dooker)
(18066, 26006), -- 90086 (Ooka Dooker)
(19923, 29600); -- 88097 (Golk the Rumble)

DELETE FROM `gossip_menu_option` WHERE (`menu_id`=18180 AND `id`=2) OR (`menu_id`=18180 AND `id`=0) OR (`menu_id`=18178 AND `id`=2) OR (`menu_id`=18178 AND `id`=0) OR (`menu_id`=18177 AND `id`=2) OR (`menu_id`=18177 AND `id`=0) OR (`menu_id`=18176 AND `id`=2) OR (`menu_id`=18176 AND `id`=0) OR (`menu_id`=18175 AND `id`=2) OR (`menu_id`=18175 AND `id`=0) OR (`menu_id`=18174 AND `id`=2) OR (`menu_id`=18174 AND `id`=0) OR (`menu_id`=18173 AND `id`=2) OR (`menu_id`=18173 AND `id`=0) OR (`menu_id`=18066 AND `id`=2) OR (`menu_id`=18066 AND `id`=0);
INSERT INTO `gossip_menu_option` (`menu_id`, `id`, `option_icon`, `option_text`, `OptionBroadcastTextID`, `action_poi_id`, `box_coded`, `box_money`, `box_text`, `BoxBroadcastTextID`) VALUES
(18180, 2, 0, 'Ooka, may I please have some of your delicious Fighter Chow? I hear it''s the best.', 92236, 0, 0, 0, '', 0),
(18180, 0, 0, 'You can mank my dook, Ooka. I''m taking the chow and there''s nothing you can ookin do about it, wicket licker.', 92417, 0, 0, 0, '', 0),
(18178, 2, 0, 'Ooka, may I please have some of your delicious Fighter Chow? I hear it''s the best.', 92236, 0, 0, 0, '', 0),
(18178, 0, 0, 'You''ve got quite the mouth on you, Ooka. Maybe I should stuff it full of your blookin mank chow.', 91448, 0, 0, 0, '', 0),
(18177, 2, 0, 'Ooka, may I please have some of your delicious Fighter Chow? I hear it''s the best.', 92236, 0, 0, 0, '', 0),
(18177, 0, 0, 'Slicky slapper! That''s right, I said it. Slicky slapper.', 91591, 0, 0, 0, '', 0),
(18176, 2, 0, 'Ooka, may I please have some of your delicious Fighter Chow? I hear it''s the best.', 92236, 0, 0, 0, '', 0),
(18176, 0, 0, 'You know what, Ooka? You have a dook for a head!', 91597, 0, 0, 0, '', 0),
(18175, 2, 0, 'Ooka, may I please have some of your delicious Fighter Chow? I hear it''s the best.', 92236, 0, 0, 0, '', 0),
(18175, 0, 0, 'Ookin'' wikket! Walk away, just like your brother.', 91799, 0, 0, 0, '', 0),
(18174, 2, 0, 'Ooka, may I please have some of your delicious Fighter Chow? I hear it''s the best.', 92236, 0, 0, 0, '', 0),
(18174, 0, 0, 'Your mom.', 90224, 0, 0, 0, '', 0),
(18173, 2, 0, 'Ooka, may I please have some of your delicious Fighter Chow? I hear it''s the best.', 92236, 0, 0, 0, '', 0),
(18173, 0, 0, 'Hey, Ooka, your ooker is showing. That''s unsavory and not the least bit sanitary.', 90223, 0, 0, 0, '', 0),
(18066, 2, 0, 'Ooka, may I please have some of your delicious Fighter Chow? I hear it''s the best.', 92236, 0, 0, 0, '', 0),
(18066, 0, 0, 'I said, when I beat your brother black and blue, he dooked his pants and jumped away. Now give me the chow!', 90222, 0, 0, 0, '', 0);

INSERT INTO `creature_text` (`entry`, `groupid`, `id`, `text`, `type`, `language`, `probability`, `emote`, `duration`, `sound`, `BroadcastTextId`, `comment`) VALUES
(90474, UNKNOWN, UNKNOWN, 'We will work together to destroy the Legion from within.', 12, 0, 100, UNKNOWN, 0, 56344, '92242', 'Kor''vas Bloodthorn to Player'),
(90402, UNKNOWN, UNKNOWN, 'Ahahaha! We are Legion. We know you, Allari, and you, $p. You will be ours.', 12, 0, 100, 25, 0, UNKNOWN, '92403', 'Demon Soul to Player'),
(89048, UNKNOWN, UNKNOWN, 'Ready to be thrown into the arena?', 12, 0, 100, 1, 0, UNKNOWN, '91790', 'Sternfathom to Player'),
(86535, UNKNOWN, UNKNOWN, 'Come to free that pitiful drake, demon hunter?', 12, 0, 100, UNKNOWN, 0, UNKNOWN, '93006', 'Overseer Lykill to Player'),
(90896, UNKNOWN, UNKNOWN, 'My keepers are overrun. We will require aid.', 12, 0, 100, UNKNOWN, 0, 52580, '93121', 'Agapanthus to Player'),
(90546, UNKNOWN, UNKNOWN, 'Thank you, $pc. I am Stellagosa.', 12, 0, 100, UNKNOWN, 0, 58353, '108427', 'Stellagosa to Player'),
(89086, UNKNOWN, UNKNOWN, 'It will be done, Tidemistress.', 12, 0, 100, UNKNOWN, 0, 52899, '91801', 'Warlord Parjesh to Player'),
(93468, UNKNOWN, UNKNOWN, 'I''m taking this opportunity to leave. I''ll tell Mr. Shackle to expect you.', 12, 0, 100, 1, 0, UNKNOWN, '95170', 'Seska Seafang to Player'),
(101532, UNKNOWN, UNKNOWN, 'No! Mine!', 14, 0, 100, UNKNOWN, 0, UNKNOWN, '103908', 'Gilblin Looter'),
(101943, UNKNOWN, UNKNOWN, 'I serve.', 12, 0, 100, UNKNOWN, 0, 55194, '102129', 'Felguard Shocktrooper to Demon Hunter'),
(107244, UNKNOWN, UNKNOWN, 'Bah! That portal foundation is all wrong. It is fully exposed to tampering. Whoever made this should feel bad about themselves.', 15, 0, 100, UNKNOWN, 0, UNKNOWN, '111568', 'Tehd Shoemaker to Player'),
(89082, UNKNOWN, UNKNOWN, 'What the ook? This not sanctioned fight!', 12, 0, 100, UNKNOWN, 0, UNKNOWN, '91798', 'Ooker Dooker to Player'),
(89341, UNKNOWN, UNKNOWN, 'Those eggs will provide the perfect balance of texture and arcane power my cocktail needs.', 12, 0, 100, 396, 0, UNKNOWN, '92592', 'Magister Garuhod to Player'),
(88932, UNKNOWN, UNKNOWN, 'Blessings of the Jade Serpent upon you.', 12, 0, 100, 2, 0, UNKNOWN, '91776', 'Golden Xue to Bilgerudder'),
(88086, UNKNOWN, UNKNOWN, 'You dare stand against us?', 12, 0, 100, UNKNOWN, 0, 52682, '92732', 'Hatecoil Riptail to Player'),
(89660, UNKNOWN, UNKNOWN, 'Your instructors should be down the ramp to the west. You''d better hurry, before the second bell rings!', 12, 0, 100, UNKNOWN, 0, UNKNOWN, '92595', 'Thyrillion to Player'),
(106583, UNKNOWN, UNKNOWN, 'Azsuna will fall before the Legion!', 14, 0, 100, 53, 0, UNKNOWN, '109786', 'Arkethrax'),
(90390, UNKNOWN, UNKNOWN, 'Kneel, lowborn scum!', 12, 0, 100, UNKNOWN, 0, UNKNOWN, '93178', 'Tyndrissen to Player'),
(103162, UNKNOWN, UNKNOWN, 'Here''s a small taste of my fel magic.', 12, 0, 100, UNKNOWN, 0, 56984, '102125', 'Eredar Supplicant to Player'),
(89089, UNKNOWN, UNKNOWN, 'That voice...', 12, 0, 100, 1, 0, 60758, '93454', 'Prince Farondis to Player'),
(103176, UNKNOWN, UNKNOWN, 'You''re no match for me.', 12, 0, 100, UNKNOWN, 0, 55379, '102135', 'Mo''arg Crusher to Player'),
(91184, UNKNOWN, UNKNOWN, 'Why have you summoned me here, imp?', 14, 0, 100, UNKNOWN, 0, UNKNOWN, '93324', 'Sharazaan to Daglop'),
(91185, UNKNOWN, UNKNOWN, 'Ah... my ''former'' master. Minion! Kill it!', 12, 0, 100, UNKNOWN, 0, UNKNOWN, '93327', 'Daglop to Player'),
(91419, UNKNOWN, UNKNOWN, 'Welcome to our humble place of business, traveler.', 12, 0, 100, 2, 0, 40019, '92192', 'Mr. Shackle to Player'),
(103363, UNKNOWN, UNKNOWN, 'So eager to be enslaved.', 12, 0, 100, UNKNOWN, 0, 55018, '97913', 'Soultorn Jailer to Player'),
(107963, UNKNOWN, UNKNOWN, 'What did we do to deserve this?', 12, 0, 100, UNKNOWN, 0, UNKNOWN, '114496', 'Kharmeera to Player'),
(89199, UNKNOWN, UNKNOWN, 'Wake up. I demand to see Prince Oceanus, now!', 14, 0, 100, 15, 0, UNKNOWN, '91983', 'Lady Sssurine'),
(93482, UNKNOWN, UNKNOWN, 'Heyo! You... YOU! I owe you. I better get out of here.', 12, 0, 100, 25, 0, UNKNOWN, '95171', 'Cleave Thunderhill to Player'),
(88888, UNKNOWN, UNKNOWN, 'Fum fee fo fie!  Get back to work or it''s time to die!', 14, 0, 100, UNKNOWN, 0, UNKNOWN, '91620', 'Sentry Brute to Player'),
(89050, UNKNOWN, UNKNOWN, '$p? Hah! You''re the last of Sternfathom''s pit fighters.', 14, 0, 100, 15, 0, UNKNOWN, '91768', 'Boss Whalebelly to Player'),
(90406, UNKNOWN, UNKNOWN, 'Very good! Off to Zarkhenar, then. Off to see all my friends and family and loved ones.', 12, 0, 100, UNKNOWN, 0, 39397, '92883', 'Runas the Shamed to Player'),
(103231, UNKNOWN, UNKNOWN, 'You cannot hide from me.', 12, 0, 100, UNKNOWN, 0, 55205, '102155', 'Grim Inquisitor to Player'),
(89344, UNKNOWN, UNKNOWN, 'What should we do with this one?', 12, 0, 100, UNKNOWN, 0, UNKNOWN, '92200', 'Hatecoil Myrmidon to Prince Farondis'),
(90389, UNKNOWN, UNKNOWN, 'No... NO! I still thirst. Give me more!', 12, 0, 100, UNKNOWN, 0, UNKNOWN, '93176', 'Ishkaneth to Player'),
(107245, UNKNOWN, UNKNOWN, 'We should continue our patrol. There is no telling how many more of these incursions pocket the landscape.', 12, 0, 100, UNKNOWN, 0, UNKNOWN, '122438', 'Marius Felbane to Player'),
(93325, UNKNOWN, UNKNOWN, 'Hurry. The Illidari are about to be overrun.', 12, 0, 100, 397, 0, 52607, '95075', 'Archmage Khadgar to Player'),
(88782, UNKNOWN, UNKNOWN, 'The Tidestone calls to them...', 12, 0, 100, UNKNOWN, 0, UNKNOWN, '92358', 'Nar''thalas Nightwatcher to Player'),
(87368, UNKNOWN, UNKNOWN, 'Farondis! You traitor! You brought this upon us!', 12, 0, 100, UNKNOWN, 0, UNKNOWN, '91614', 'Drowned Magister to Player'),
(106516, UNKNOWN, UNKNOWN, 'You should have joined us when you had the chance!', 12, 0, 100, UNKNOWN, 0, UNKNOWN, '115611', 'Empyrean Astrologer to Player'),
(89289, UNKNOWN, UNKNOWN, 'We were... going to Stormheim... after the Broken Shore.', 12, 1, 100, 5, 0, UNKNOWN, '92151', 'Queen''s Reprisal Sailor to Player'),
(89362, UNKNOWN, UNKNOWN, 'Archmage Khadgar? $n? An unexpected surprise.', 12, 0, 100, 6, 0, 52717, '121751', 'Kayn Sunfury to Player'),
(89673, UNKNOWN, UNKNOWN, 'Ah, visitors. It''s been a long time since Mardum, Allari.', 12, 0, 100, UNKNOWN, 0, UNKNOWN, '91449', 'Questioner Arev''naal to Player'),
(89661, UNKNOWN, UNKNOWN, 'Keep this up and I''ll have to give you extra homework.', 12, 0, 100, 1, 0, UNKNOWN, '111921', 'Instructor Nidriel to Player'),
(93488, UNKNOWN, UNKNOWN, 'Gentle Rosh likes you, my little $r. Now Gentle Rosh will leave.', 12, 0, 100, 11, 0, UNKNOWN, '95179', 'Gentle Rosh to Player'),
(91165, UNKNOWN, UNKNOWN, 'Make way for the little guy!', 12, 0, 100, UNKNOWN, 0, UNKNOWN, '93337', 'Daglop to Player'),
(90068, UNKNOWN, UNKNOWN, 'HEY! That''s not for you.', 14, 0, 100, UNKNOWN, 0, UNKNOWN, '92158', 'Sleepy Dhow to Player'),
(89975, UNKNOWN, UNKNOWN, 'Ahhhhh...', 12, 0, 100, UNKNOWN, 0, 52851, '93206', 'Senegos to Player'),
(91095, UNKNOWN, UNKNOWN, 'We are with you, champion. Let us end this beast!', 14, 0, 100, UNKNOWN, 0, UNKNOWN, '111760', 'Marius Felbane to Player'),
(91431, UNKNOWN, UNKNOWN, 'This place is not for you.', 12, 0, 100, UNKNOWN, 0, 52728, '93048', 'Spectral Student to Player'),
(92447, UNKNOWN, UNKNOWN, 'We''ll feast on your flesh and devour your soul.', 12, 0, 100, UNKNOWN, 0, 55205, '96656', 'Chaos Spawn to Player'),
(90623, UNKNOWN, UNKNOWN, 'You are nothing but a coward.', 12, 0, 100, UNKNOWN, 0, 57412, '93209', 'Stellagosa to Nightglaive the Traitor'),
(91131, UNKNOWN, UNKNOWN, 'This hunger is consuming my very mind. It is taking every ounce of my energy to just... just...', 12, 0, 100, UNKNOWN, 0, 62761, '92890', 'Runas the Shamed to Player'),
(107334, UNKNOWN, UNKNOWN, 'Would you mind? I''m working on a very important paper, and it''s difficult to concentrate with you neophytes shooting everything in sight.', 12, 0, 100, UNKNOWN, 0, UNKNOWN, '111929', 'Sythorne to Player'),
(90065, UNKNOWN, UNKNOWN, 'I overestimated my strength. All of the dragons - even the Aspects themselves - have been greatly weakened since the fall of Deathwing.', 12, 0, 100, UNKNOWN, 0, 52876, '93114', 'Stellagosa to Player'),
(89006, UNKNOWN, UNKNOWN, 'I say we kill it.', 12, 0, 100, UNKNOWN, 0, UNKNOWN, '92202', 'Hatecoil Myrmidon to Prince Farondis'),
(87369, UNKNOWN, UNKNOWN, 'DIE... FARONDIS....', 14, 0, 100, UNKNOWN, 0, UNKNOWN, '91615', 'Unbreathing Soul to Player'),
(93487, UNKNOWN, UNKNOWN, 'You come open door. Gentle Rosh not crush you.', 12, 0, 100, 15, 0, UNKNOWN, '95200', 'Gentle Rosh to Player'),
(92445, UNKNOWN, UNKNOWN, 'You are easily dealt with.', 12, 0, 100, UNKNOWN, 0, 55205, '102131', 'Felguard Invader to Player'),
(90624, UNKNOWN, UNKNOWN, 'Cyana. Do not give in!', 14, 0, 100, UNKNOWN, 0, 57402, '93017', 'Kor''vas Bloodthorn to Stellagosa'),
(90661, UNKNOWN, UNKNOWN, 'I am of Argus, the mightiest world in all of the Great Dark.', 12, 0, 100, UNKNOWN, 0, 57007, '102124', 'Eredar Supplicant to Player'),
(88913, UNKNOWN, UNKNOWN, 'That''s where you''re wrong, chum. Dead wrong.', 12, 0, 100, 397, 0, UNKNOWN, '91628', 'Boss Whalebelly to Player'),
(89402, UNKNOWN, UNKNOWN, 'I will escort you to Prince Farondis, if that is what you truly wish.', 12, 0, 100, UNKNOWN, 0, 52767, '93405', 'Nightwatcher Idri to Player'),
(89023, UNKNOWN, UNKNOWN, 'Who goes there? Keep your hands and weapons where I can see them.', 14, 0, 100, UNKNOWN, 0, 51893, '91438', 'Nightwatcher Idri to Player'),
(107964, UNKNOWN, UNKNOWN, 'Thank you, little $c. Senegos was wise to trust in you.', 12, 0, 100, UNKNOWN, 0, UNKNOWN, '114495', 'Berazus to Player'),
(89283, UNKNOWN, UNKNOWN, 'Don''t be afraid. My venom weakens. Makes you cooperative.', 12, 0, 100, UNKNOWN, 0, 52632, '93234', 'Bitterbrine Venomer to Player'),
(89111, UNKNOWN, UNKNOWN, 'Better to die free than as a slave.', 12, 0, 100, 53, 0, 700, '91838', 'Shipwrecked Captive to Pile of Weapons'),
(107995, UNKNOWN, UNKNOWN, 'Look! They''re headed for grandfather''s pool!', 12, 0, 100, UNKNOWN, 0, 63226, '106024', 'Stellagosa to Player'),
(88117, UNKNOWN, UNKNOWN, 'Look alive, nightwatchers! Our prince needs us!', 14, 0, 100, UNKNOWN, 0, 52778, '93451 - 93579', 'Nightwatcher Thaldrys'),
(88873, UNKNOWN, UNKNOWN, 'Stranger, quickly. Over here.', 12, 0, 100, 1, 0, UNKNOWN, '92161', 'Okuna Longtusk to Player'),
(91756, UNKNOWN, UNKNOWN, 'You should not be here.', 12, 0, 100, UNKNOWN, 0, 52727, '93047', 'Eternal Guardian to Player'),
(88089, UNKNOWN, UNKNOWN, 'For Nazjatar!', 12, 0, 100, UNKNOWN, 0, 52705, '92730', 'Hatecoil Enchantress to Player'),
(89025, UNKNOWN, UNKNOWN, 'For the Queen!', 12, 0, 100, UNKNOWN, 0, 52703, '92726 - 119770', 'Hatecoil Spitespeaker to Player'),
(88087, UNKNOWN, UNKNOWN, 'Azshara''s wrath will drown you.', 12, 0, 100, UNKNOWN, 0, 52706, '92728', 'Hatecoil Stormcaller to Player'),
(90086, UNKNOWN, UNKNOWN, 'You''ve out-hozened me, wicket-lover. Here, take the chow. You earned it.', 12, 0, 100, 1, 0, UNKNOWN, '88934', 'Ooka Dooker to Player'),
(88869, UNKNOWN, UNKNOWN, 'I am taking my leave, nightwatchers... though I doubt you will miss me.', 12, 0, 100, UNKNOWN, 0, 52804, '91592', 'Prince Farondis to Player'),
(88859, UNKNOWN, UNKNOWN, 'You students have been warned countless times. I will have to make an example of you!', 14, 0, 100, UNKNOWN, 0, UNKNOWN, '115079', 'Elya Azuremoon'),
(108479, UNKNOWN, UNKNOWN, 'What? Kallistia and Olothil are here?', 12, 0, 100, 5, 0, UNKNOWN, '114062', 'Estynna Starlance to Player'),
(92450, UNKNOWN, UNKNOWN, 'Surrender the Tidestone, mortal.', 12, 0, 100, UNKNOWN, 0, UNKNOWN, '95072', 'Eredar Riftweaver'),
(90536, UNKNOWN, UNKNOWN, 'A warden tried to convince us to turn traitor. I heard screaming.', 12, 0, 100, UNKNOWN, 0, 52712, '92940 - 105539', 'Demon Hunter to Player'),
(90401, UNKNOWN, UNKNOWN, 'Come, $c, we are going to compel some demon souls.', 12, 0, 100, UNKNOWN, 0, UNKNOWN, '92416', 'Allari the Souleater to Player'),
(91402, UNKNOWN, UNKNOWN, 'Farondis! My most loyal subject. It''s been too long.', 12, 0, 100, 1, 0, 52897, '93453', 'Vision of Queen Azshara to Player'),
(91060, UNKNOWN, UNKNOWN, 'Get up, brother. Wake up.', 12, 0, 100, UNKNOWN, 0, 52866, '93207', 'Stellagosa to Player'),
(107962, UNKNOWN, UNKNOWN, 'As I fell, I saw one of the nightfallen slinking into our caves.', 12, 0, 100, 463, 0, UNKNOWN, '114497', 'Cedonu to Player'),
(89290, UNKNOWN, UNKNOWN, 'Storm... ran aground.', 12, 1, 100, 5, 0, UNKNOWN, '92149', 'Queen''s Reprisal Sailor to Player'),
(90532, UNKNOWN, UNKNOWN, 'They did... things... to me.', 12, 0, 100, UNKNOWN, 0, 72645, '92937 - 105537', 'Demon Hunter to Player'),
(93326, UNKNOWN, UNKNOWN, 'Do not linger here too long. The Legion is attacking everywhere.', 12, 0, 100, 274, 0, 52606, '95088', 'Archmage Khadgar to Player'),
(89672, UNKNOWN, UNKNOWN, 'Gah... pay attention!', 12, 0, 100, 274, 0, UNKNOWN, '92622', 'Instructor Delliana'),
(92034, UNKNOWN, UNKNOWN, 'Thievery will not be tolerated, slave.', 12, 0, 100, UNKNOWN, 0, UNKNOWN, '94078', 'Slavehunter Zsanesh to Player'),
(90372, UNKNOWN, UNKNOWN, 'What in blazes are you doing?', 12, 0, 100, UNKNOWN, 0, 52823, '92867', 'Runas the Shamed to Player'),
(90534, UNKNOWN, UNKNOWN, 'Cyana Nightglaive turned traitor. She joined the Legion.', 12, 0, 100, UNKNOWN, 0, 72660, '92941 - 105540', 'Demon Hunter to Player'),
(93622, UNKNOWN, UNKNOWN, 'You and your world will soon perish.', 14, 0, 100, 1, 0, 52749, '95298', 'Mortiferous'),
(89669, UNKNOWN, UNKNOWN, 'Zzz... no, Headmistress! Not the paddle... zzzz....', 12, 0, 100, UNKNOWN, 0, UNKNOWN, '92635', 'Drowned Student to Player'),
(91036, UNKNOWN, UNKNOWN, 'You WILL talk, foul demon!', 12, 0, 100, UNKNOWN, 0, UNKNOWN, '93014', 'Allari the Souleater'),
(90543, UNKNOWN, UNKNOWN, 'Ahh... I feared we might lose that one. He was so weak when I found him. Pick him up and take him to Senegos.', 12, 0, 100, UNKNOWN, 0, 432, '93196', 'Agapanthus to Player'),
(90900, UNKNOWN, UNKNOWN, 'Of course.', 12, 0, 100, UNKNOWN, 0, 52868, '23157 - 29604 - 66307 - 84219 - 105854 - 119640', 'Stellagosa to Player'),
(90230, UNKNOWN, UNKNOWN, 'We will cleanse the universe in fire.', 12, 0, 100, UNKNOWN, 0, 55370, '98766', 'Wrathguard Invader to Player'),
(89007, UNKNOWN, UNKNOWN, '<Snore>', 12, 0, 100, UNKNOWN, 0, UNKNOWN, '91940', 'Sleepy Dhow to Player'),
(88798, UNKNOWN, UNKNOWN, 'You''ll find the giants to the southeast. There are a few ways into their arena. Good luck.', 12, 0, 100, 1, 0, UNKNOWN, '93874', 'Lady Irisse to Player'),
(89284, UNKNOWN, UNKNOWN, 'Great kraken take you!', 12, 0, 100, UNKNOWN, 0, 52628, '97235', 'Bitterbrine Saltcaster to Player'),
(93495, UNKNOWN, UNKNOWN, 'I''ve been in there for days. Thank you, $c. I have got to go, if you know what I mean!', 12, 0, 100, 4, 0, UNKNOWN, '95184', 'Grace the Green to Player'),
(90621, UNKNOWN, UNKNOWN, 'Yes, my mistress...', 12, 0, 100, 2, 0, 52764, '93011', 'Nightglaive the Traitor to Player'),
(89134, UNKNOWN, UNKNOWN, 'Thank you, stranger.', 12, 0, 100, UNKNOWN, 0, UNKNOWN, '22945 - 53522 - 57476 - 77802 - 82465 - 83917 - 84593 - 91890 - 124192', 'Elder Aldryth to Player'),
(89024, UNKNOWN, UNKNOWN, 'Die, landwalker!', 12, 0, 100, UNKNOWN, 0, 52684, '97409', 'Hatecoil Fathom-Stalker to Nar''thalas Nightwatcher'),
(89350, UNKNOWN, UNKNOWN, 'A $r, how refreshing. Come closer, child.', 12, 0, 100, 1, 0, UNKNOWN, '92155', 'Oublion to Player'),
(89017, UNKNOWN, UNKNOWN, 'While you''re doing that, I''m heading into Oceanus Cove.', 12, 0, 100, 1, 0, UNKNOWN, '91733', 'Okuna Longtusk to Player'),
(88973, UNKNOWN, UNKNOWN, 'How perfectly convenient... the brainless $r led us right to the Tidestone.', 12, 0, 100, UNKNOWN, 0, 52612, '91725', 'Athissa to Player'),
(106881, UNKNOWN, UNKNOWN, 'By all means, keep splashing around and attract attention.', 15, 0, 100, UNKNOWN, 0, UNKNOWN, '111113', 'Looper Allen to Player'),
(89010, UNKNOWN, UNKNOWN, 'That stuff''s not for you.', 14, 0, 100, UNKNOWN, 0, UNKNOWN, '91750', 'Sleepy Dhow to Player'),
(89110, UNKNOWN, UNKNOWN, 'Freedom!', 12, 0, 100, 53, 0, UNKNOWN, '1691 - 46459 - 77656 - 91833', 'Shipwrecked Captive to Pile of Weapons'),
(90569, UNKNOWN, UNKNOWN, 'Does this one ever stop talking?', 12, 0, 100, UNKNOWN, 0, 52814, '92888', 'Projection of Senegos to Player'),
(106990, UNKNOWN, UNKNOWN, 'What?! It''s mine. You can''t have it!', 12, 0, 100, UNKNOWN, 0, UNKNOWN, '111164', 'Chief Bitterbrine to Player'),
(88889, UNKNOWN, UNKNOWN, 'Come with me.', 12, 0, 100, UNKNOWN, 0, 52534, '91612 - 98995', 'Prince Farondis to Player'),
(91784, UNKNOWN, UNKNOWN, 'Guardians of the ritual, prepare yourselves! She will not be disappointed!', 14, 0, 100, UNKNOWN, 0, 54192, '101991', 'Warlord Parjesh to Hatecoil Warrior'),
(88855, UNKNOWN, UNKNOWN, 'Parjesh! Rally the rest of our forces. I shall make short work of this minor interruption.', 12, 0, 100, UNKNOWN, 0, 51877, '91800', 'Athissa to Player'),
(89117, UNKNOWN, UNKNOWN, 'Yes, my mistress.', 12, 0, 100, 1, 0, 52901, '91812', 'Warlord Parjesh to Player'),
(90535, UNKNOWN, UNKNOWN, 'I didn''t give in.', 12, 0, 100, UNKNOWN, 0, 72650, '92938 - 105536', 'Demon Hunter to Player'),
(88911, UNKNOWN, UNKNOWN, 'Your pet cheated, Sternfathom. You''ll pay for that.', 12, 0, 100, 53, 0, UNKNOWN, '91671', 'Bilgerudder to Kul Tiras Marine'),
(89116, UNKNOWN, UNKNOWN, 'Make sure that prisoner doesn''t awaken, Parjesh.', 12, 0, 100, 1, 0, 53658, '91811', 'Athissa to Player'),
(89056, UNKNOWN, UNKNOWN, 'Ready to die, $pr?', 12, 0, 100, UNKNOWN, 0, UNKNOWN, '91771', 'Captain Feargus to Bilgerudder'),
(89104, UNKNOWN, UNKNOWN, 'Freedom!', 12, 0, 100, 53, 0, 700, '1691 - 46459 - 77656 - 91833', 'Shipwrecked Captive to Pile of Weapons'),
(89101, UNKNOWN, UNKNOWN, 'Go away, tiny creature, or I will have you for a snack.', 12, 0, 100, UNKNOWN, 0, 13390, '92014', 'Prince Oceanus to Player'),
(90403, UNKNOWN, UNKNOWN, '$p, break the first soul gem and release a demon soul.', 12, 0, 100, 396, 0, UNKNOWN, '92552', 'Allari the Souleater to Player'),
(90267, UNKNOWN, UNKNOWN, 'What''s this? Have the peasants come to grovel before their prince?', 12, 0, 100, UNKNOWN, 0, 52578, '93180', 'Ael''Yith to Player'),
(89326, UNKNOWN, UNKNOWN, 'Hey, brother! Someone''s here to...', 12, 0, 100, 5, 0, UNKNOWN, '114035', 'Kallistia Starlance to Player'),
(89112, UNKNOWN, UNKNOWN, 'Rise up. Let''s kill them all.', 12, 0, 100, 53, 0, 700, '91837', 'Shipwrecked Captive to Pile of Weapons'),
(89051, UNKNOWN, UNKNOWN, '$n, over here. Get me out of this cage.', 12, 0, 100, 1, 0, UNKNOWN, '92015', 'Okuna Longtusk to Player'),
(90660, UNKNOWN, UNKNOWN, 'We''ll feast on your flesh and devour your soul.', 12, 0, 100, UNKNOWN, 0, 55205, '96656', 'Burning Hellion to Player'),
(89398, UNKNOWN, UNKNOWN, 'Do not forget to use the gem to suck the soul out of the demon corpses.', 12, 0, 100, UNKNOWN, 0, UNKNOWN, '104265', 'Allari the Souleater to Player'),
(100216, UNKNOWN, UNKNOWN, 'The landwalkers are here! We will drive them back by salt and scale!', 14, 0, 100, 274, 0, UNKNOWN, '104346', 'Hatecoil Wrangler to Player'),
(90109, UNKNOWN, UNKNOWN, 'If the giants didn''t want you alive for their sport, you''d be dead.', 12, 0, 100, UNKNOWN, 0, 52689, '91598', 'Hatecoil Slavemaster'),
(93492, UNKNOWN, UNKNOWN, 'Hey... HEY $g mister:lady;. You gotta let me outa here.', 12, 0, 100, 3, 0, UNKNOWN, '95198', 'Grace the Green to Player'),
(89634, UNKNOWN, UNKNOWN, 'You have some nerve showing your face around here.', 12, 0, 100, UNKNOWN, 0, 52758, '92721', 'Nar''thalas Citizen to Player'),
(90255, UNKNOWN, UNKNOWN, 'You are no demon. Friend or foe?', 12, 0, 100, UNKNOWN, 0, 56343, '93015', 'Kor''vas Bloodthorn to Player'),
(89667, UNKNOWN, UNKNOWN, 'Abjuration, Conjuration, Divination, Necromancy...', 12, 0, 100, UNKNOWN, 0, UNKNOWN, '92637', 'Drowned Student to Player'),
(88914, UNKNOWN, UNKNOWN, 'Whalebelly, what''s all this?', 12, 0, 100, UNKNOWN, 0, UNKNOWN, '91632', 'Bilgerudder to Boss Whalebelly'),
(86969, UNKNOWN, UNKNOWN, 'I think Jace likes his toys a bit too much.', 12, 0, 100, UNKNOWN, 0, UNKNOWN, '108292', 'Demon Hunter to Player'),
(89009, UNKNOWN, UNKNOWN, 'I believe you know the rest of the story, $n.', 12, 0, 100, UNKNOWN, 0, 52796, '91821', 'Prince Farondis to Player'),
(88090, UNKNOWN, UNKNOWN, 'I like your bravery, little one. I''ll enjoy gutting you in front of my entire battalion.', 12, 0, 100, UNKNOWN, 0, UNKNOWN, '91649', 'Fathom-Commander Zarrin to Player'),
(89803, UNKNOWN, UNKNOWN, 'Learn to fight you weakling water worms.', 14, 0, 100, UNKNOWN, 0, UNKNOWN, '92710', 'Tide Breaker'),
(90622, UNKNOWN, UNKNOWN, 'Feel the fel energy course through...', 12, 0, 100, 396, 0, 52659, '93007', 'Cordana Felsong to Player'),
(93475, UNKNOWN, UNKNOWN, 'I''m right over here. Just watch out for the giant!', 12, 0, 100, 5, 0, UNKNOWN, '95199', 'Cleave Thunderhill to Player'),
(107367, UNKNOWN, UNKNOWN, 'For Nazjatar!', 12, 0, 100, UNKNOWN, 0, 52685, '92730', 'Hatecoil Slaver to Player'),
(107301, UNKNOWN, UNKNOWN, 'Give me! Give me!', 12, 0, 100, UNKNOWN, 0, UNKNOWN, '116370', 'Kobold Drawing to Player'),
(89278, UNKNOWN, UNKNOWN, 'Their numbers seem endless, but we will prevail.', 12, 0, 100, UNKNOWN, 0, UNKNOWN, '108286', 'Demon Hunter to Player'),
(89276, UNKNOWN, UNKNOWN, 'Our combined will is stronger than your scythe. I will not tell you.', 12, 0, 100, 15, 0, 56847, '92247', 'Demon Soul to Player'),
(88091, UNKNOWN, UNKNOWN, 'Where is the Tidestone? Speak, you fool!', 14, 0, 100, UNKNOWN, 0, 63239, '102161', 'Athissa to Player'),
(90317, UNKNOWN, UNKNOWN, 'We must get the wards reignited. Otherwise, I guarantee the Legion will overrun our position and pour into Azsuna.', 12, 0, 100, UNKNOWN, 0, UNKNOWN, '88528', 'Jace Darkweaver to Player');

INSERT INTO `npc_spellclick_spells` (`npc_entry`, `spell_id`, `cast_flags`, `user_type`) VALUES
(108929, 216384, UNKNOWN, UNKNOWN),
(90880, 180713, UNKNOWN, UNKNOWN),
(88797, 178389, UNKNOWN, UNKNOWN),
(91449, 181456, UNKNOWN, UNKNOWN),
(106106, 210231, UNKNOWN, UNKNOWN),
(89669, 179185, UNKNOWN, UNKNOWN),
(89289, 178335, UNKNOWN, UNKNOWN),
(89290, 178335, UNKNOWN, UNKNOWN),
(106689, 211643, UNKNOWN, UNKNOWN),
(107252, 212754, UNKNOWN, UNKNOWN),
(90167, 180463, UNKNOWN, UNKNOWN),
(90263, 103583, UNKNOWN, UNKNOWN),
(100383, 103583, UNKNOWN, UNKNOWN),
(100385, 103583, UNKNOWN, UNKNOWN),
(100384, 103583, UNKNOWN, UNKNOWN);