DELETE FROM `gossip_menu` WHERE (`entry`=18180 AND `text_id`=25179) OR (`entry`=18178 AND `text_id`=25529) OR (`entry`=18177 AND `text_id`=25530) OR (`entry`=18176 AND `text_id`=25531) OR (`entry`=18175 AND `text_id`=25533) OR (`entry`=18174 AND `text_id`=25868) OR (`entry`=18173 AND `text_id`=25869) OR (`entry`=18066 AND `text_id`=26006) OR (`entry`=19923 AND `text_id`=29600);
INSERT INTO `gossip_menu` (`entry`, `text_id`) VALUES
(18180, 25179), -- 90086 (Ooka Dooker)
(18178, 25529), -- 90086 (Ooka Dooker)
(18177, 25530), -- 90086 (Ooka Dooker)
(18176, 25531), -- 90086 (Ooka Dooker)
(18175, 25533), -- 90086 (Ooka Dooker)
(18174, 25868), -- 90086 (Ooka Dooker)
(18173, 25869), -- 90086 (Ooka Dooker)
(18066, 26006), -- 90086 (Ooka Dooker)
(19923, 29600); -- 88097 (Golk the Rumble)

DELETE FROM `gossip_menu_option` WHERE (`menu_id`=18180 AND `id`=2) OR (`menu_id`=18180 AND `id`=0) OR (`menu_id`=18178 AND `id`=2) OR (`menu_id`=18178 AND `id`=0) OR (`menu_id`=18177 AND `id`=2) OR (`menu_id`=18177 AND `id`=0) OR (`menu_id`=18176 AND `id`=2) OR (`menu_id`=18176 AND `id`=0) OR (`menu_id`=18175 AND `id`=2) OR (`menu_id`=18175 AND `id`=0) OR (`menu_id`=18174 AND `id`=2) OR (`menu_id`=18174 AND `id`=0) OR (`menu_id`=18173 AND `id`=2) OR (`menu_id`=18173 AND `id`=0) OR (`menu_id`=18066 AND `id`=2) OR (`menu_id`=18066 AND `id`=0);
INSERT INTO `gossip_menu_option` (`menu_id`, `id`, `option_icon`, `option_text`, `OptionBroadcastTextID`, `action_poi_id`, `box_coded`, `box_money`, `box_text`, `BoxBroadcastTextID`) VALUES
(18180, 2, 0, 'Ooka, may I please have some of your delicious Fighter Chow? I hear it''s the best.', 92236, 0, 0, 0, '', 0),
(18180, 0, 0, 'You can mank my dook, Ooka. I''m taking the chow and there''s nothing you can ookin do about it, wicket licker.', 92417, 0, 0, 0, '', 0),
(18178, 2, 0, 'Ooka, may I please have some of your delicious Fighter Chow? I hear it''s the best.', 92236, 0, 0, 0, '', 0),
(18178, 0, 0, 'You''ve got quite the mouth on you, Ooka. Maybe I should stuff it full of your blookin mank chow.', 91448, 0, 0, 0, '', 0),
(18177, 2, 0, 'Ooka, may I please have some of your delicious Fighter Chow? I hear it''s the best.', 92236, 0, 0, 0, '', 0),
(18177, 0, 0, 'Slicky slapper! That''s right, I said it. Slicky slapper.', 91591, 0, 0, 0, '', 0),
(18176, 2, 0, 'Ooka, may I please have some of your delicious Fighter Chow? I hear it''s the best.', 92236, 0, 0, 0, '', 0),
(18176, 0, 0, 'You know what, Ooka? You have a dook for a head!', 91597, 0, 0, 0, '', 0),
(18175, 2, 0, 'Ooka, may I please have some of your delicious Fighter Chow? I hear it''s the best.', 92236, 0, 0, 0, '', 0),
(18175, 0, 0, 'Ookin'' wikket! Walk away, just like your brother.', 91799, 0, 0, 0, '', 0),
(18174, 2, 0, 'Ooka, may I please have some of your delicious Fighter Chow? I hear it''s the best.', 92236, 0, 0, 0, '', 0),
(18174, 0, 0, 'Your mom.', 90224, 0, 0, 0, '', 0),
(18173, 2, 0, 'Ooka, may I please have some of your delicious Fighter Chow? I hear it''s the best.', 92236, 0, 0, 0, '', 0),
(18173, 0, 0, 'Hey, Ooka, your ooker is showing. That''s unsavory and not the least bit sanitary.', 90223, 0, 0, 0, '', 0),
(18066, 2, 0, 'Ooka, may I please have some of your delicious Fighter Chow? I hear it''s the best.', 92236, 0, 0, 0, '', 0),
(18066, 0, 0, 'I said, when I beat your brother black and blue, he dooked his pants and jumped away. Now give me the chow!', 90222, 0, 0, 0, '', 0);

INSERT INTO `creature_text` (`entry`, `groupid`, `id`, `text`, `type`, `language`, `probability`, `emote`, `duration`, `sound`, `BroadcastTextId`, `comment`) VALUES
(86535, @GROUP_ID+0, @ID+, 'Come to free that pitiful drake, demon hunter?', 12, 0, 100, 0, 0, 0, 93006, 'Overseer Lykill to Player'),
(86535, @GROUP_ID+1, @ID+, 'There is plenty of room in my cage for your souls.', 14, 0, 100, 0, 0, 0, 97407, 'Overseer Lykill'),
(86535, @GROUP_ID+2, @ID+, 'I WILL return!', 12, 0, 100, 0, 0, 57400, 93273, 'Overseer Lykill to Player'),
(86969, @GROUP_ID+0, @ID+, 'I think Jace likes his toys a bit too much.', 12, 0, 100, 0, 0, 0, 108292, 'Demon Hunter to Player'),
(87368, @GROUP_ID+0, @ID+, 'Farondis! You traitor! You brought this upon us!', 12, 0, 100, 0, 0, 0, 91614, 'Drowned Magister to Player'),
(87369, @GROUP_ID+0, @ID+, 'DIE... FARONDIS....', 14, 0, 100, 0, 0, 0, 91615, 'Unbreathing Soul to Player'),
(88086, @GROUP_ID+0, @ID+, 'You dare stand against us?', 12, 0, 100, 0, 0, 52682, 92732, 'Hatecoil Riptail to Player'),
(88086, @GROUP_ID+1, @ID+, 'Die, landwalker!', 12, 0, 100, 0, 0, 52682, 97409, 'Hatecoil Riptail to Player'),
(88086, @GROUP_ID+2, @ID+, 'Your bones will sharpen my trident.', 12, 0, 100, 0, 0, 52681, 92731, 'Hatecoil Riptail to Drowned Nightwatcher'),
(88087, @GROUP_ID+0, @ID+, 'Azshara''s wrath will drown you.', 12, 0, 100, 0, 0, 52706, 92728, 'Hatecoil Stormcaller to Player'),
(88087, @GROUP_ID+1, @ID+, 'For Nazjatar!', 12, 0, 100, 0, 0, 52705, 92730, 'Hatecoil Stormcaller to Player'),
(88090, @GROUP_ID+0, @ID+, 'I like your bravery, little one. I''ll enjoy gutting you in front of my entire battalion.', 12, 0, 100, 0, 0, 0, 91649, 'Fathom-Commander Zarrin to Player'),
(88090, @GROUP_ID+1, @ID+, 'My lady, Athissa! I have... failed you...', 14, 0, 100, 0, 0, 0, 91650, 'Fathom-Commander Zarrin to Player'),
(88091, @GROUP_ID+0, @ID+, 'Where is the Tidestone? Speak, you fool!', 14, 0, 100, 0, 0, 63239, 102161, 'Athissa to Player'),
(88091, @GROUP_ID+1, @ID+, 'Worthless...', 12, 0, 100, 0, 0, 0, 84268, 'Athissa to Player'),
(88091, @GROUP_ID+2, @ID+, 'Enough of this! The Tidestone will be ours!', 14, 0, 100, 0, 0, 52617, 92395, 'Athissa'),
(88117, @GROUP_ID+0, @ID+, 'Look alive, nightwatchers! Our prince needs us!', 14, 0, 100, 0, 0, 52778, PLEASE_SET_A_BROADCASTTEXT_ID, 'Nightwatcher Thaldrys'), -- BroadcastTextID: 93451 - 93579
(88782, @GROUP_ID+0, @ID+, 'The Tidestone calls to them...', 12, 0, 100, 0, 0, 0, 92358, 'Nar''thalas Nightwatcher to Player'),
(88798, @GROUP_ID+0, @ID+, 'You''ll find the giants to the southeast. There are a few ways into their arena. Good luck.', 12, 0, 100, 1, 0, 0, 93874, 'Lady Irisse to Player'),
(88855, @GROUP_ID+0, @ID+, 'Parjesh! Rally the rest of our forces. I shall make short work of this minor interruption.', 12, 0, 100, 0, 0, 51877, 91800, 'Athissa to Player'),
(88855, @GROUP_ID+1, @ID+, 'Hatecoil! Seize them!', 14, 0, 100, 0, 0, 52620, 93578, 'Athissa to Player'),
(88859, @GROUP_ID+0, @ID+, 'You students have been warned countless times. I will have to make an example of you!', 14, 0, 100, 0, 0, 0, 115079, 'Elya Azuremoon'),
(88859, @GROUP_ID+1, @ID+, 'No talking in class!', 12, 0, 100, 0, 0, 0, 115243, 'Elya Azuremoon to Player'),
(88859, @GROUP_ID+2, @ID+, 'You insolent... little...', 12, 0, 100, 0, 0, 0, 115098, 'Elya Azuremoon'),
(88859, @GROUP_ID+3, @ID+, 'AAAAAAAAAAHHHHHHH!', 12, 0, 100, 0, 0, 0, 115180, 'Elya Azuremoon'),
(88859, @GROUP_ID+4, @ID+, 'Nooo! Must... protect... the Tidestone...', 12, 0, 100, 0, 0, 0, 91716, 'Elya Azuremoon to Player'),
(88869, @GROUP_ID+0, @ID+, 'I am taking my leave, nightwatchers... though I doubt you will miss me.', 12, 0, 100, 0, 0, 52804, 91592, 'Prince Farondis to Player'),
(88869, @GROUP_ID+1, @ID+, 'Stay close, $n. Do not leave my side.', 12, 0, 100, 0, 0, 52530, 92443, 'Prince Farondis to Player'),
(88869, @GROUP_ID+2, @ID+, 'Please stay close, $p.', 12, 0, 100, 0, 0, 52532, 92445, 'Prince Farondis to Player'),
(88869, @GROUP_ID+3, @ID+, 'Hmm. How long has this road been flooded? I must have the groundskeepers attend to it.', 12, 0, 100, 0, 0, 52794, 91593, 'Prince Farondis to Player'),
(88869, @GROUP_ID+4, @ID+, 'I cannot do this on my own. Stay with me.', 12, 0, 100, 0, 0, 52529, 92446, 'Prince Farondis to Player'),
(88869, @GROUP_ID+5, @ID+, 'I... I am sorry.', 12, 0, 100, 2, 0, 52787, 93497, 'Prince Farondis to Player'),
(88869, @GROUP_ID+6, @ID+, 'Look out!', 12, 0, 100, 0, 0, 52795, PLEASE_SET_A_BROADCASTTEXT_ID, 'Prince Farondis to Player'), -- BroadcastTextID: 14999 - 25299 - 27921 - 39797 - 40269 - 54489 - 56206 - 58002 - 78487 - 87001 - 91594 - 99114 - 107590 - 114489
(88869, @GROUP_ID+7, @ID+, 'I only did what I thought was right.', 12, 0, 100, 2, 0, 52808, 95364, 'Prince Farondis to Player'),
(88869, @GROUP_ID+8, @ID+, 'Gah! Watch out!', 12, 0, 100, 397, 0, 52536, 91595, 'Prince Farondis to Player'),
(88869, @GROUP_ID+9, @ID+, 'Where are you?', 12, 0, 100, 0, 0, 52788, 92447, 'Prince Farondis to Player'),
(88869, @GROUP_ID+10, @ID+, 'Thaldrys, my trusted captain.', 12, 0, 100, 0, 0, 52538, 91596, 'Prince Farondis to Player'),
(88873, @GROUP_ID+0, @ID+, 'Stranger, quickly. Over here.', 12, 0, 100, 1, 0, 0, 92161, 'Okuna Longtusk to Player'),
(88873, @GROUP_ID+1, @ID+, 'Whalebelly can make our job more difficult. Try not to offend him.', 12, 0, 100, 25, 0, 0, 91621, 'Okuna Longtusk to Player'),
(88873, @GROUP_ID+2, @ID+, 'Be careful, $n. Dhow''s a light sleeper.', 12, 0, 100, 1, 0, 0, 91732, 'Okuna Longtusk to Player'),
(88888, @GROUP_ID+0, @ID+, 'Fum fee fo fie!  Get back to work or it''s time to die!', 14, 0, 100, 0, 0, 0, 91620, 'Sentry Brute to Player'),
(88889, @GROUP_ID+0, @ID+, 'Come with me.', 12, 0, 100, 0, 0, 52534, PLEASE_SET_A_BROADCASTTEXT_ID, 'Prince Farondis to Player'), -- BroadcastTextID: 91612 - 98995
(88889, @GROUP_ID+1, @ID+, 'I am truly sorry.', 12, 0, 100, 2, 0, 52802, 92448, 'Prince Farondis to Player'),
(88889, @GROUP_ID+2, @ID+, 'Here, the Nar''thalas Academy. This is where it all happened.', 12, 0, 100, 0, 0, 52791, 91616, 'Prince Farondis to Player'),
(88911, @GROUP_ID+0, @ID+, 'Your pet cheated, Sternfathom. You''ll pay for that.', 12, 0, 100, 53, 0, 0, 91671, 'Bilgerudder to Kul Tiras Marine'),
(88911, @GROUP_ID+1, @ID+, 'Gut him through the liver. Pull out his spleen!', 12, 0, 100, 0, 0, 0, 91659, 'Bilgerudder to Zandalari Striker'),
(88913, @GROUP_ID+0, @ID+, 'That''s where you''re wrong, chum. Dead wrong.', 12, 0, 100, 397, 0, 0, 91628, 'Boss Whalebelly to Player'),
(88913, @GROUP_ID+1, @ID+, 'You see this blade? I''m going to stick it so far up your...', 12, 0, 100, 397, 0, 0, 91629, 'Boss Whalebelly to Player'),
(88913, @GROUP_ID+2, @ID+, 'Wait... what?', 12, 0, 100, 0, 0, 3684, 91630, 'Boss Whalebelly to Bilgerudder'),
(88914, @GROUP_ID+0, @ID+, 'Whalebelly, what''s all this?', 12, 0, 100, 0, 0, 0, 91632, 'Bilgerudder to Boss Whalebelly'),
(88914, @GROUP_ID+1, @ID+, 'Told you. No talking to enemy pit fighters!', 12, 0, 100, 0, 0, 0, 91633, 'Bilgerudder to Boss Whalebelly'),
(88932, @GROUP_ID+0, @ID+, 'Blessings of the Jade Serpent upon you.', 12, 0, 100, 2, 0, 0, 91776, 'Golden Xue to Bilgerudder'),
(88932, @GROUP_ID+1, @ID+, 'You''re still going to lose.', 12, 0, 100, 0, 0, 0, 91777, 'Golden Xue to Bilgerudder'),
(88973, @GROUP_ID+0, @ID+, 'How perfectly convenient... the brainless $r led us right to the Tidestone.', 12, 0, 100, 0, 0, 52612, 91725, 'Athissa to Player'),
(88973, @GROUP_ID+1, @ID+, 'Our Queen Beneath the Tides can reassemble the pieces.', 12, 0, 100, 0, 0, 52616, 91726, 'Athissa to Player'),
(88973, @GROUP_ID+2, @ID+, 'As for you... you will make an acceptable slave.', 12, 0, 100, 0, 0, 52623, 91727, 'Athissa to Player'),
(89006, @GROUP_ID+0, @ID+, 'I say we kill it.', 12, 0, 100, 0, 0, 0, 92202, 'Hatecoil Myrmidon to Prince Farondis'),
(89007, @GROUP_ID+0, @ID+, '<Snore>', 12, 0, 100, 0, 0, 0, 91940, 'Sleepy Dhow to Player'),
(89009, @GROUP_ID+0, @ID+, 'I believe you know the rest of the story, $n.', 12, 0, 100, 0, 0, 52796, 91821, 'Prince Farondis to Player'),
(89009, @GROUP_ID+1, @ID+, 'The naga will not wait long before turning the Tidestone against us. We should make haste.', 12, 0, 100, 0, 0, 64056, 111119, 'Prince Farondis to Player'),
(89010, @GROUP_ID+0, @ID+, 'That stuff''s not for you.', 14, 0, 100, 0, 0, 0, 91750, 'Sleepy Dhow to Player'),
(89010, @GROUP_ID+1, @ID+, 'Don''t let me catch you back here again.', 14, 0, 100, 0, 0, 0, 91743, 'Sleepy Dhow to Player'),
(89017, @GROUP_ID+0, @ID+, 'While you''re doing that, I''m heading into Oceanus Cove.', 12, 0, 100, 1, 0, 0, 91733, 'Okuna Longtusk to Player'),
(89017, @GROUP_ID+1, @ID+, 'I''ll free and arm the pit fighters in there. That''ll get us some help dealing with the giants.', 12, 0, 100, 1, 0, 0, 91734, 'Okuna Longtusk to Player'),
(89023, @GROUP_ID+0, @ID+, 'Who goes there? Keep your hands and weapons where I can see them.', 14, 0, 100, 0, 0, 51893, 91438, 'Nightwatcher Idri to Player'),
(89024, @GROUP_ID+0, @ID+, 'Out with the tides...', 12, 0, 100, 0, 0, 52687, 93437, 'Hatecoil Fathom-Stalker to Player'),
(89025, @GROUP_ID+0, @ID+, 'For the Queen!', 12, 0, 100, 0, 0, 52703, PLEASE_SET_A_BROADCASTTEXT_ID, 'Hatecoil Spitespeaker to Player'), -- BroadcastTextID: 92726 - 119770
(89025, @GROUP_ID+1, @ID+, 'The tide turns.', 12, 0, 100, 0, 0, 52702, 97416, 'Hatecoil Spitespeaker to Nar''thalas Nightwatcher'),
(89048, @GROUP_ID+0, @ID+, 'Ready to be thrown into the arena?', 12, 0, 100, 1, 0, 0, 91790, 'Sternfathom to Player'),
(89048, @GROUP_ID+1, @ID+, 'Make Team Sternfathom proud.', 12, 0, 100, 0, 0, 0, 91794, 'Sternfathom to Player'),
(89050, @GROUP_ID+0, @ID+, '$p? Hah! You''re the last of Sternfathom''s pit fighters.', 14, 0, 100, 15, 0, 0, 91768, 'Boss Whalebelly to Player'),
(89050, @GROUP_ID+1, @ID+, 'Come on. Let''s finish this!', 14, 0, 100, 15, 0, 0, 91769, 'Boss Whalebelly to Player'),
(89050, @GROUP_ID+2, @ID+, 'I told you I was going to chop you up into little chunks of chum, $p.', 12, 0, 100, 396, 0, 0, 91782, 'Boss Whalebelly to Bilgerudder'),
(89050, @GROUP_ID+3, @ID+, 'And that''s what I''m going to do!', 12, 0, 100, 0, 0, 0, 91783, 'Boss Whalebelly to Bilgerudder'),
(89050, @GROUP_ID+4, @ID+, 'WHAT? No...', 12, 0, 100, 0, 0, 0, 91787, 'Boss Whalebelly to Player'),
(89051, @GROUP_ID+0, @ID+, '$n, over here. Get me out of this cage.', 12, 0, 100, 1, 0, 0, 92015, 'Okuna Longtusk to Player'),
(89051, @GROUP_ID+1, @ID+, 'My hero! Say, you don''t happen to have my weapons?', 12, 0, 100, 1, 0, 0, 91843, 'Okuna Longtusk to Player'),
(89051, @GROUP_ID+2, @ID+, 'You''re going down, Oceanus!', 12, 0, 100, 1, 0, 0, 91849, 'Okuna Longtusk to Player'),
(89051, @GROUP_ID+3, @ID+, 'YES! I''ll see you down below.', 12, 0, 100, 0, 0, 0, 91859, 'Okuna Longtusk'),
(89056, @GROUP_ID+0, @ID+, 'Ready to die, $pr?', 12, 0, 100, 0, 0, 0, 91771, 'Captain Feargus to Bilgerudder'),
(89082, @GROUP_ID+0, @ID+, 'What the ook? This not sanctioned fight!', 12, 0, 100, 0, 0, 0, 91798, 'Ooker Dooker to Player'),
(89082, @GROUP_ID+1, @ID+, 'Eeeeek! A dooker on you!', 12, 0, 100, 0, 0, 3684, 91796, 'Ooker Dooker to Player'),
(89082, @GROUP_ID+2, @ID+, 'I''m ookin'' outa here.', 12, 0, 100, 407, 0, 0, 91797, 'Ooker Dooker to Player'),
(89086, @GROUP_ID+0, @ID+, 'It will be done, Tidemistress.', 12, 0, 100, 0, 0, 52899, 91801, 'Warlord Parjesh to Player'),
(89089, @GROUP_ID+0, @ID+, 'That voice...', 12, 0, 100, 1, 0, 60758, 93454, 'Prince Farondis to Player'),
(89089, @GROUP_ID+1, @ID+, 'Queen Azshara... you... YOU lead the naga?', 12, 0, 100, 5, 0, 60757, 93458, 'Prince Farondis to Player'),
(89089, @GROUP_ID+2, @ID+, 'The people of Azsuna were-- and always will be-- too proud to kneel before your demonic allies, witch.', 12, 0, 100, 0, 0, 62705, 93461, 'Prince Farondis to Player'),
(89089, @GROUP_ID+3, @ID+, 'And we will NEVER...', 12, 0, 100, 0, 0, 62550, 114143, 'Prince Farondis to Player'),
(89089, @GROUP_ID+4, @ID+, 'KNEEL...', 12, 0, 100, 0, 0, 62551, 114144, 'Prince Farondis to Player'),
(89089, @GROUP_ID+5, @ID+, 'BEFORE YOU!!!', 12, 0, 100, 0, 0, 62552, 114145, 'Prince Farondis to Player'),
(89101, @GROUP_ID+0, @ID+, 'Go away, tiny creature, or I will have you for a snack.', 12, 0, 100, 0, 0, 13390, 92014, 'Prince Oceanus to Player'),
(89101, @GROUP_ID+1, @ID+, 'You want an audience? You''ve got one!', 12, 0, 100, 0, 0, 0, 91852, 'Prince Oceanus to Player'),
(89101, @GROUP_ID+2, @ID+, 'Forgive me, father.', 12, 0, 100, 0, 0, 0, 91447, 'Prince Oceanus to Player'),
(89104, @GROUP_ID+0, @ID+, 'Freedom!', 12, 0, 100, 53, 0, 700, PLEASE_SET_A_BROADCASTTEXT_ID, 'Shipwrecked Captive to Pile of Weapons'), -- BroadcastTextID: 1691 - 46459 - 77656 - 91833
(89104, @GROUP_ID+1, @ID+, 'Better to die free than as a slave.', 12, 0, 100, 53, 0, 700, 91838, 'Shipwrecked Captive to Pile of Weapons'),
(89104, @GROUP_ID+2, @ID+, 'Rise up. Let''s kill them all.', 12, 0, 100, 53, 0, 700, 91837, 'Shipwrecked Captive to Pile of Weapons'),
(89116, @GROUP_ID+0, @ID+, 'Make sure that prisoner doesn''t awaken, Parjesh.', 12, 0, 100, 1, 0, 53658, 91811, 'Athissa to Player'),
(89116, @GROUP_ID+1, @ID+, 'Be gone, spirit! The Tidestone belongs to us now!', 14, 0, 100, 1, 0, 53660, 91820, 'Athissa to Prince Farondis'),
(89116, @GROUP_ID+2, @ID+, 'Curse you and your kind, elf. The queen herself will hear of this!', 14, 0, 100, 1, 0, 53659, 91816, 'Athissa'),
(89117, @GROUP_ID+0, @ID+, 'Yes, my mistress.', 12, 0, 100, 1, 0, 52901, 91812, 'Warlord Parjesh to Player'),
(89117, @GROUP_ID+1, @ID+, 'You deal with our guest, Athissa. I shall take the prisoner to the slave pens.', 12, 0, 100, 1, 0, 52900, 91815, 'Warlord Parjesh to Prince Farondis'),
(89134, @GROUP_ID+0, @ID+, 'Thank you, stranger.', 12, 0, 100, 0, 0, 0, PLEASE_SET_A_BROADCASTTEXT_ID, 'Elder Aldryth to Player'), -- BroadcastTextID: 22945 - 53522 - 57476 - 77802 - 82465 - 83917 - 84593 - 91890 - 124192
(89134, @GROUP_ID+1, @ID+, 'I don''t know what happened. I heard a loud crashing noise, and then I found myself stuck beneath this beam. Since then, I''ve just been waiting.', 12, 0, 100, 0, 0, 0, 91891, 'Elder Aldryth to Player'),
(89134, @GROUP_ID+2, @ID+, 'Now, where did that lovely girl run off to?', 12, 0, 100, 0, 0, 0, 91892, 'Elder Aldryth to Player'),
(89199, @GROUP_ID+0, @ID+, 'Wake up. I demand to see Prince Oceanus, now!', 14, 0, 100, 15, 0, 0, 91983, 'Lady Sssurine'),
(89199, @GROUP_ID+1, @ID+, 'If your prince does not want this treasure, I will happily take it and leave.', 14, 0, 100, 15, 0, 0, 91987, 'Lady Sssurine'),
(89199, @GROUP_ID+2, @ID+, 'If treasure is not to his liking, perhaps your prince needs a different kind of motivation?', 14, 0, 100, 15, 0, 0, 91991, 'Lady Sssurine'),
(89276, @GROUP_ID+0, @ID+, 'Our combined will is stronger than your scythe. I will not tell you.', 12, 0, 100, 15, 0, 56847, 92247, 'Demon Soul to Player'),
(89278, @GROUP_ID+0, @ID+, 'Their numbers seem endless, but we will prevail.', 12, 0, 100, 0, 0, 0, 108286, 'Demon Hunter to Player'),
(89278, @GROUP_ID+1, @ID+, 'Now, let''s destroy the rest of these demons!', 12, 0, 100, 0, 0, 0, 108280, 'Demon Hunter to Player'),
(89283, @GROUP_ID+0, @ID+, 'Don''t be afraid. My venom weakens. Makes you cooperative.', 12, 0, 100, 0, 0, 52632, 93234, 'Bitterbrine Venomer to Player'),
(89283, @GROUP_ID+1, @ID+, 'Another victim for the queen and her demonic friend.', 12, 0, 100, 0, 0, 52634, 93232, 'Bitterbrine Venomer to Player'),
(89283, @GROUP_ID+2, @ID+, 'A taste of my venom and you''ll be mine.', 12, 0, 100, 0, 0, 52638, 93231, 'Bitterbrine Venomer to Player'),
(89284, @GROUP_ID+0, @ID+, 'Great kraken take you!', 12, 0, 100, 0, 0, 52628, 97235, 'Bitterbrine Saltcaster to Player'),
(89284, @GROUP_ID+1, @ID+, 'You do not belong. I''ll kill ya for the queen.', 12, 0, 100, 0, 0, 52631, 93230, 'Bitterbrine Saltcaster to Player'),
(89284, @GROUP_ID+2, @ID+, 'Sea spray and sand!', 12, 0, 100, 0, 0, 52624, 97232, 'Bitterbrine Saltcaster to Player'),
(89284, @GROUP_ID+3, @ID+, 'More slaves for the queen and her new master.', 12, 0, 100, 0, 0, 52626, 93227, 'Bitterbrine Saltcaster to Player'),
(89289, @GROUP_ID+0, @ID+, 'We were... going to Stormheim... after the Broken Shore.', 12, 1, 100, 5, 0, 0, 92151, 'Queen''s Reprisal Sailor to Player'),
(89289, @GROUP_ID+1, @ID+, 'Demon... here...', 12, 1, 100, 5, 0, 0, 92152, 'Queen''s Reprisal Sailor to Player'),
(89289, @GROUP_ID+2, @ID+, 'Ship crashed... gilblin swarmed us.', 12, 1, 100, 53, 0, 0, 92147, 'Queen''s Reprisal Sailor to Player'),
(89289, @GROUP_ID+3, @ID+, 'Captain... taken...', 12, 1, 100, 5, 0, 0, 92150, 'Queen''s Reprisal Sailor to Player'),
(89289, @GROUP_ID+4, @ID+, 'I heard... makrura ate... the captain!', 12, 1, 100, 5, 0, 0, 92153, 'Queen''s Reprisal Sailor to Player'),
(89289, @GROUP_ID+5, @ID+, 'Makrura queen... demon...', 12, 1, 100, 53, 0, 0, 92148, 'Queen''s Reprisal Sailor to Player'),
(89290, @GROUP_ID+0, @ID+, 'Storm... ran aground.', 12, 1, 100, 5, 0, 0, 92149, 'Queen''s Reprisal Sailor to Player'),
(89326, @GROUP_ID+0, @ID+, 'Hey, brother! Someone''s here to...', 12, 0, 100, 5, 0, 0, 114035, 'Kallistia Starlance to Player'),
(89326, @GROUP_ID+1, @ID+, 'Get a load of this, brother!', 12, 0, 100, 5, 0, 0, 113993, 'Kallistia Starlance to Player'),
(89326, @GROUP_ID+2, @ID+, 'Remember how Queen Azshara was working with the demons? Well apparently, when Prince Farondis found out, he was like...', 12, 0, 100, 6, 0, 0, 113995, 'Kallistia Starlance to Player'),
(89326, @GROUP_ID+3, @ID+, '"NO!"', 14, 0, 100, 0, 0, 0, 113996, 'Kallistia Starlance to Player'),
(89326, @GROUP_ID+4, @ID+, '...and then Queen Azshara was like...', 12, 0, 100, 1, 0, 0, 113997, 'Kallistia Starlance to Player'),
(89326, @GROUP_ID+5, @ID+, '"HOW DARE YOU DEFY ME!?"', 14, 0, 100, 0, 0, 0, 113998, 'Kallistia Starlance to Player'),
(89326, @GROUP_ID+6, @ID+, '...and then she got so mad that she turned everbody into... into...', 12, 0, 100, 5, 0, 0, 113999, 'Kallistia Starlance to Player'),
(89326, @GROUP_ID+7, @ID+, 'CURSED SPIRITS!', 14, 0, 100, 0, 0, 0, 114000, 'Kallistia Starlance to Player'),
(89326, @GROUP_ID+8, @ID+, 'Oh, sorry.', 12, 0, 100, 0, 0, 0, 114001, 'Kallistia Starlance to Player'),
(89341, @GROUP_ID+0, @ID+, 'Those eggs will provide the perfect balance of texture and arcane power my cocktail needs.', 12, 0, 100, 396, 0, 0, 92592, 'Magister Garuhod to Player'),
(89341, @GROUP_ID+1, @ID+, '"Going for a walk." Hah! He''s probably out visiting that little common girl he fancies so much.', 12, 0, 100, 0, 0, 0, 92195, 'Magister Garuhod to Player'),
(89344, @GROUP_ID+0, @ID+, 'What should we do with this one?', 12, 0, 100, 0, 0, 0, 92200, 'Hatecoil Myrmidon to Prince Farondis'),
(89344, @GROUP_ID+1, @ID+, 'Torture? Hard labor? Kill it?', 12, 0, 100, 0, 0, 0, 92201, 'Hatecoil Myrmidon to Prince Farondis'),
(89344, @GROUP_ID+2, @ID+, 'Good idea, let''s kill it.', 12, 0, 100, 0, 0, 0, 92203, 'Hatecoil Myrmidon to Prince Farondis'),
(89344, @GROUP_ID+3, @ID+, 'Huh?', 12, 0, 100, 0, 0, 0, PLEASE_SET_A_BROADCASTTEXT_ID, 'Hatecoil Myrmidon to Prince Farondis'), -- BroadcastTextID: 20787 - 25309 - 26274 - 40198 - 92204
(89350, @GROUP_ID+0, @ID+, 'A $r, how refreshing. Come closer, child.', 12, 0, 100, 1, 0, 0, 92155, 'Oublion to Player'),
(89350, @GROUP_ID+1, @ID+, 'The Legion will enslave all!', 12, 0, 100, 0, 0, 0, 90256, 'Oublion to Player'),
(89350, @GROUP_ID+2, @ID+, 'What am I thinking? This fight is all yours, my queen.', 12, 0, 100, 6, 0, 0, 92156, 'Oublion'),
(89362, @GROUP_ID+0, @ID+, 'Archmage Khadgar? $n? An unexpected surprise.', 12, 0, 100, 6, 0, 52717, 121751, 'Kayn Sunfury to Player'),
(89362, @GROUP_ID+1, @ID+, 'Nice weapon you have there, $n. Speak with Jace and Allari if you''d like to help.', 12, 0, 100, 396, 0, 52715, 121750, 'Kayn Sunfury to Player'),
(89398, @GROUP_ID+0, @ID+, 'Do not forget to use the gem to suck the soul out of the demon corpses.', 12, 0, 100, 0, 0, 0, 104265, 'Allari the Souleater to Player'),
(89402, @GROUP_ID+0, @ID+, 'I will escort you to Prince Farondis, if that is what you truly wish.', 12, 0, 100, 0, 0, 52767, 93405, 'Nightwatcher Idri to Player'),
(89402, @GROUP_ID+1, @ID+, 'If you get the chance, spit on him for me.', 12, 0, 100, 0, 0, 52771, 93406, 'Nightwatcher Idri to Player'),
(89634, @GROUP_ID+0, @ID+, 'You have some nerve showing your face around here.', 12, 0, 100, 0, 0, 52758, 92721, 'Nar''thalas Citizen to Player'),
(89634, @GROUP_ID+1, @ID+, '%s spits.', 16, 0, 100, 0, 0, 0, PLEASE_SET_A_BROADCASTTEXT_ID, 'Nar''thalas Citizen to Player'), -- BroadcastTextID: 24520 - 93380
(89634, @GROUP_ID+2, @ID+, 'Coward.', 12, 0, 100, 0, 0, 52757, 93381, 'Nar''thalas Citizen to Player'),
(89634, @GROUP_ID+3, @ID+, 'You did this to us, Farondis.', 12, 0, 100, 0, 0, 52761, 93383, 'Nar''thalas Citizen to Player'),
(89634, @GROUP_ID+4, @ID+, 'They''re everywhere...', 12, 0, 100, 0, 0, 0, 114954, 'Nar''thalas Citizen to Player'),
(89660, @GROUP_ID+0, @ID+, 'Your instructors should be down the ramp to the west. You''d better hurry, before the second bell rings!', 12, 0, 100, 0, 0, 0, 92595, 'Thyrillion to Player'),
(89661, @GROUP_ID+0, @ID+, 'Keep this up and I''ll have to give you extra homework.', 12, 0, 100, 1, 0, 0, 111921, 'Instructor Nidriel to Player'),
(89661, @GROUP_ID+1, @ID+, 'That''s it. I''m giving you a zero for the day.', 12, 0, 100, 661, 0, 0, 111919, 'Instructor Nidriel to Player'),
(89661, @GROUP_ID+2, @ID+, 'I said no point blank shots!', 14, 0, 100, 0, 0, 0, 115828, 'Instructor Nidriel to Player'),
(89661, @GROUP_ID+3, @ID+, 'Don''t forget to aim before you fire.', 12, 0, 100, 5, 0, 0, 111918, 'Instructor Nidriel to Player'),
(89661, @GROUP_ID+4, @ID+, 'First, a simple arcane rune. Trace its outline with your steps. Memorize it. Commit its intricacies to memory.', 12, 0, 100, 0, 0, 0, 92599, 'Instructor Nidriel to Player'),
(89661, @GROUP_ID+5, @ID+, 'Well done. Now, we will trace a fire rune. Be careful: incorrectly drawing this rune can result in instant, painful death.', 12, 0, 100, 0, 0, 0, 92600, 'Instructor Nidriel to Player'),
(89661, @GROUP_ID+6, @ID+, 'Excellent! Finally, a frost rune. Don''t forget the fifth circle! Everybody always forgets the fifth circle.', 12, 0, 100, 0, 0, 0, 92601, 'Instructor Nidriel to Player'),
(89661, @GROUP_ID+7, @ID+, 'That will do for today.', 12, 0, 100, 0, 0, 0, 92602, 'Instructor Nidriel to Player'),
(89661, @GROUP_ID+8, @ID+, 'I hope everything went alright in there.', 12, 0, 100, 0, 0, 0, 92639, 'Instructor Nidriel to Player'),
(89667, @GROUP_ID+0, @ID+, 'Abjuration, Conjuration, Divination, Necromancy...', 12, 0, 100, 0, 0, 0, 92637, 'Drowned Student to Player'),
(89667, @GROUP_ID+1, @ID+, '<sigh>... I feel like I''ve been reading this same scroll for ten thousand years, and I STILL don''t understand it.', 12, 0, 100, 0, 0, 0, 92638, 'Drowned Student to Player'),
(89667, @GROUP_ID+2, @ID+, 'Hey!', 12, 0, 100, 6, 0, 0, PLEASE_SET_A_BROADCASTTEXT_ID, 'Drowned Student to Player'), -- BroadcastTextID: 16917 - 58739 - 65642 - 67558 - 71176 - 87234 - 98640 - 111907
(89667, @GROUP_ID+3, @ID+, 'Watch where you''re wanding!', 12, 0, 100, 6, 0, 0, 111911, 'Drowned Student to Player'),
(89669, @GROUP_ID+0, @ID+, 'Zzz... no, Headmistress! Not the paddle... zzzz....', 12, 0, 100, 0, 0, 0, 92635, 'Drowned Student to Player'),
(89669, @GROUP_ID+1, @ID+, 'Just five more minutes...', 12, 0, 100, 0, 0, 0, 92636, 'Drowned Student to Player'),
(89672, @GROUP_ID+0, @ID+, 'Gah... pay attention!', 12, 0, 100, 274, 0, 0, 92622, 'Instructor Delliana'),
(89672, @GROUP_ID+1, @ID+, 'Now, you try.', 12, 0, 100, 1, 0, 0, 5560, 'Instructor Delliana'),
(89672, @GROUP_ID+2, @ID+, 'Now it is your turn.', 12, 0, 100, 1, 0, 0, 92629, 'Instructor Delliana'),
(89672, @GROUP_ID+3, @ID+, 'You''ll have to do better than that.', 12, 0, 100, 274, 0, 0, 92624, 'Instructor Delliana'),
(89672, @GROUP_ID+4, @ID+, '<Sigh...>', 12, 0, 100, 274, 0, 0, 92623, 'Instructor Delliana'),
(89673, @GROUP_ID+0, @ID+, 'Ah, visitors. It''s been a long time since Mardum, Allari.', 12, 0, 100, 0, 0, 0, 91449, 'Questioner Arev''naal to Player'),
(89673, @GROUP_ID+1, @ID+, 'You''ll learn nothing from me, Souleater!', 12, 0, 100, 0, 0, 0, 92233, 'Questioner Arev''naal to Player'),
(89673, @GROUP_ID+2, @ID+, 'Your own order is unraveling. Betrayed from within... a curse you''ll bear for all eternity.', 12, 0, 100, 0, 0, 0, 88529, 'Questioner Arev''naal to Player'),
(89803, @GROUP_ID+0, @ID+, 'Learn to fight you weakling water worms.', 14, 0, 100, 0, 0, 0, 92710, 'Tide Breaker'),
(89975, @GROUP_ID+0, @ID+, 'Ahhhhh...', 12, 0, 100, 0, 0, 52851, 93206, 'Senegos to Player'),
(89975, @GROUP_ID+1, @ID+, 'Another Nightfallen attack? Bring my child to me, young one.', 12, 0, 100, 0, 0, 52857, 93151, 'Senegos to Player'),
(89975, @GROUP_ID+2, @ID+, 'Stellagosa. Do me one last favor. Your younger brothers and sisters need your help.', 12, 0, 100, 0, 0, 52855, 93123, 'Senegos to Player'),
(89975, @GROUP_ID+3, @ID+, 'You are a kind small thing, $n.', 12, 0, 100, 0, 0, 52847, 93002, 'Senegos to Player'),
(89975, @GROUP_ID+4, @ID+, 'See you soon, starlight.', 12, 0, 100, 0, 0, 52853, 93130, 'Senegos to Player'),
(90065, @GROUP_ID+0, @ID+, 'I overestimated my strength. All of the dragons - even the Aspects themselves - have been greatly weakened since the fall of Deathwing.', 12, 0, 100, 0, 0, 52876, 93114, 'Stellagosa to Player'),
(90068, @GROUP_ID+0, @ID+, 'HEY! That''s not for you.', 14, 0, 100, 0, 0, 0, 92158, 'Sleepy Dhow to Player'),
(90068, @GROUP_ID+1, @ID+, 'Get out of here. I don''t want to see you again!', 14, 0, 100, 0, 0, 0, 92556, 'Sleepy Dhow to Player'),
(90086, @GROUP_ID+0, @ID+, 'You''ve out-hozened me, wicket-lover. Here, take the chow. You earned it.', 12, 0, 100, 1, 0, 0, 88934, 'Ooka Dooker to Player'),
(90109, @GROUP_ID+0, @ID+, 'If the giants didn''t want you alive for their sport, you''d be dead.', 12, 0, 100, 0, 0, 52689, 91598, 'Hatecoil Slavemaster'),
(90109, @GROUP_ID+1, @ID+, 'You want to fight in the arena? No? Work harder!', 12, 0, 100, 0, 0, 52699, 91587, 'Hatecoil Slavemaster'),
(90109, @GROUP_ID+2, @ID+, 'The prisoners are breaking free!', 12, 0, 100, 1, 0, 52688, 92742, 'Hatecoil Slavemaster to Pile of Weapons'),
(90109, @GROUP_ID+3, @ID+, 'You there. Stop!', 12, 0, 100, 1, 0, 52692, 92217, 'Hatecoil Slavemaster to Pile of Weapons'),
(90109, @GROUP_ID+4, @ID+, 'Get back to work!', 12, 0, 100, 1, 0, PLEASE_SET_A_BROADCASTTEXT_ID, 'Hatecoil Slavemaster to Pile of Weapons'), -- BroadcastTextID: 78956 - 81924 - 82611
(90230, @GROUP_ID+0, @ID+, 'We will cleanse the universe in fire.', 12, 0, 100, 0, 0, 55370, 98766, 'Wrathguard Invader to Player'),
(90255, @GROUP_ID+0, @ID+, 'You are no demon. Friend or foe?', 12, 0, 100, 0, 0, 56343, 93015, 'Kor''vas Bloodthorn to Player'),
(90267, @GROUP_ID+0, @ID+, 'What''s this? Have the peasants come to grovel before their prince?', 12, 0, 100, 0, 0, 52578, 93180, 'Ael''Yith to Player'),
(90267, @GROUP_ID+1, @ID+, 'You rats aren''t fit to touch the hem of my robe!', 12, 0, 100, 0, 0, 52576, 93181, 'Ael''Yith'),
(90267, @GROUP_ID+2, @ID+, 'I need... more... power!', 12, 0, 100, 0, 0, 52575, 93182, 'Ael''Yith'),
(90267, @GROUP_ID+3, @ID+, 'Yes... YEEESSSSS!', 12, 0, 100, 0, 0, 52577, 93183, 'Ael''Yith'),
(90267, @GROUP_ID+4, @ID+, 'Forget the ley-lines, brothers! We shall feast on the dragons instead!', 14, 0, 100, 0, 0, 63240, 113226, 'Ael''Yith'),
(90317, @GROUP_ID+0, @ID+, 'We must get the wards reignited. Otherwise, I guarantee the Legion will overrun our position and pour into Azsuna.', 12, 0, 100, 0, 0, 0, 88528, 'Jace Darkweaver to Player'),
(90372, @GROUP_ID+0, @ID+, 'What in blazes are you doing?', 12, 0, 100, 0, 0, 52823, 92867, 'Runas the Shamed to Player'),
(90372, @GROUP_ID+1, @ID+, 'Don''t you know who I am?', 12, 0, 100, 0, 0, 52826, 92868, 'Runas the Shamed to Player'),
(90372, @GROUP_ID+2, @ID+, 'Wait... what is that you''re holding?', 12, 0, 100, 0, 0, 52840, 93004, 'Runas the Shamed to Player'),
(90372, @GROUP_ID+3, @ID+, 'Quite an impressive weapon, my friend!', 12, 0, 100, 0, 0, 52838, 92877, 'Runas the Shamed to Player'),
(90372, @GROUP_ID+4, @ID+, 'Very painful to be hit with.', 12, 0, 100, 0, 0, 52831, 92996, 'Runas the Shamed to Player'),
(90372, @GROUP_ID+5, @ID+, 'You... you are beginning to ANGER ME!!', 12, 0, 100, 0, 0, 52843, 92997, 'Runas the Shamed to Player'),
(90372, @GROUP_ID+6, @ID+, 'I''LL KILL YOU! I''LL RIP OUT YOUR HEART!', 12, 0, 100, 0, 0, 52841, 93005, 'Runas the Shamed to Player'),
(90372, @GROUP_ID+7, @ID+, 'I''LL DRINK THE MANA FROM YOUR BROKEN BONES!!', 12, 0, 100, 0, 0, 52829, 93237, 'Runas the Shamed to Player'),
(90372, @GROUP_ID+8, @ID+, 'I... I...', 12, 0, 100, 0, 0, 52820, 93238, 'Runas the Shamed to Player'),
(90389, @GROUP_ID+0, @ID+, 'No... NO! I still thirst. Give me more!', 12, 0, 100, 0, 0, 0, 93176, 'Ishkaneth to Player'),
(90389, @GROUP_ID+1, @ID+, 'The power to destroy you!', 12, 0, 100, 0, 0, 0, 102008, 'Ishkaneth'),
(90389, @GROUP_ID+2, @ID+, 'More... I need more!', 12, 0, 100, 0, 0, 0, 102009, 'Ishkaneth'),
(90389, @GROUP_ID+3, @ID+, 'So... thirsty...', 12, 0, 100, 0, 0, 0, PLEASE_SET_A_BROADCASTTEXT_ID, 'Ishkaneth to Player'), -- BroadcastTextID: 46647 - 68570
(90390, @GROUP_ID+0, @ID+, 'Kneel, lowborn scum!', 12, 0, 100, 0, 0, 0, 93178, 'Tyndrissen to Player'),
(90390, @GROUP_ID+1, @ID+, 'Let''s see how you deal with this!', 12, 0, 100, 0, 0, 0, 102018, 'Tyndrissen'),
(90390, @GROUP_ID+2, @ID+, 'No! Protect me!', 12, 0, 100, 0, 0, 0, 102019, 'Tyndrissen'),
(90390, @GROUP_ID+3, @ID+, 'This cannot be! I had it all...', 12, 0, 100, 0, 0, 0, 93179, 'Tyndrissen to Player'),
(90401, @GROUP_ID+0, @ID+, 'Come, $c, we are going to compel some demon souls.', 12, 0, 100, 0, 0, 0, 92416, 'Allari the Souleater to Player'),
(90402, @GROUP_ID+0, @ID+, 'Ahahaha! We are Legion. We know you, Allari, and you, $p. You will be ours.', 12, 0, 100, 25, 0, 0, 92403, 'Demon Soul to Player'),
(90403, @GROUP_ID+0, @ID+, '$p, break the first soul gem and release a demon soul.', 12, 0, 100, 396, 0, 0, 92552, 'Allari the Souleater to Player'),
(90403, @GROUP_ID+1, @ID+, 'Tell us everything you know, foul creature!', 12, 0, 100, 0, 0, 0, 92415, 'Allari the Souleater to Player'),
(90403, @GROUP_ID+2, @ID+, 'Quickly, $p, break the next soul gem.', 12, 0, 100, 397, 0, 56847, 92252, 'Allari the Souleater to Player'),
(90403, @GROUP_ID+3, @ID+, 'Where is the Legion keeping Illidan''s body? Tell me or your suffering will be the stuff of legend.', 12, 0, 100, 0, 0, 0, 92237, 'Allari the Souleater to Player'),
(90403, @GROUP_ID+4, @ID+, 'I think I understand why this is not working.', 12, 0, 100, 6, 0, 0, 92244, 'Allari the Souleater to Player'),
(90403, @GROUP_ID+5, @ID+, 'A powerful demon I have kept trapped in the gems is helping them to resist.', 12, 0, 100, 273, 0, 0, 92246, 'Allari the Souleater to Player'),
(90403, @GROUP_ID+6, @ID+, '$p, you must enter the soul gem and force Arev''naal to reveal Lord Illidan''s location.', 12, 0, 100, 397, 0, 0, 92245, 'Allari the Souleater to Player'),
(90406, @GROUP_ID+0, @ID+, 'Very good! Off to Zarkhenar, then. Off to see all my friends and family and loved ones.', 12, 0, 100, 0, 0, 39397, 92883, 'Runas the Shamed to Player'),
(90406, @GROUP_ID+1, @ID+, '...to kill them, of course, for harming your dragon.', 12, 0, 100, 0, 0, 52845, 92884, 'Runas the Shamed to Player'),
(90406, @GROUP_ID+2, @ID+, 'Bunch of mana addicts, that lot, ha hah! Not me, though. My discipline is iron.', 12, 0, 100, 0, 0, 52818, 92885, 'Runas the Shamed to Player'),
(90406, @GROUP_ID+3, @ID+, 'Ooh! Mana crystal. Just a moment.', 12, 0, 100, 0, 0, 52839, 92886, 'Runas the Shamed to Player'),
(90406, @GROUP_ID+4, @ID+, 'So... why are you here in Azsuna, friend? Just visiting, or...?', 12, 0, 100, 0, 0, 52833, 92887, 'Runas the Shamed to Player'),
(90406, @GROUP_ID+5, @ID+, 'My apologies, good dragon. Ahh, look! We are here.', 12, 0, 100, 0, 0, 52837, 92889, 'Runas the Shamed to Player'),
(90474, @GROUP_ID+0, @ID+, 'We will work together to destroy the Legion from within.', 12, 0, 100, 0, 0, 56344, 92242, 'Kor''vas Bloodthorn to Player'),
(90474, @GROUP_ID+1, @ID+, 'Illidari, what happened here?', 12, 0, 100, 0, 0, 57181, 92248, 'Kor''vas Bloodthorn to Player'),
(90474, @GROUP_ID+2, @ID+, 'They have all been tortured.', 12, 0, 100, 0, 0, 57182, 92243, 'Kor''vas Bloodthorn to Player'),
(90474, @GROUP_ID+3, @ID+, 'What did they do? What did the demons offer you?', 12, 0, 100, 0, 0, 57183, 92239, 'Kor''vas Bloodthorn to Player'),
(90474, @GROUP_ID+4, @ID+, 'Who did this to you?', 12, 0, 100, 0, 0, 57184, 92240, 'Kor''vas Bloodthorn to Player'),
(90474, @GROUP_ID+5, @ID+, 'Did anyone give in?', 12, 0, 100, 0, 0, 57185, 92241, 'Kor''vas Bloodthorn to Player'),
(90474, @GROUP_ID+6, @ID+, 'Where did Cyana Nightglaive go? I need to find her!', 12, 0, 100, 0, 0, 57186, 93003, 'Kor''vas Bloodthorn to Player'),
(90474, @GROUP_ID+7, @ID+, 'A warden working for the Legion? I look forward to killing her.', 12, 0, 100, 0, 0, 57187, 93021, 'Kor''vas Bloodthorn to Player'),
(90474, @GROUP_ID+8, @ID+, 'You will soon be free, drake.', 12, 0, 100, 0, 0, 56984, 93025, 'Kor''vas Bloodthorn to Player'),
(90474, @GROUP_ID+9, @ID+, 'Get the key. Let''s get over there and free that drake.', 12, 0, 100, 0, 0, 57400, 92339, 'Kor''vas Bloodthorn to Player'),
(90474, @GROUP_ID+10, @ID+, 'I have to find Stellagosa and Cyana Nightglaive.', 12, 0, 100, 396, 0, 57401, 93018, 'Kor''vas Bloodthorn to Player'),
(90474, @GROUP_ID+11, @ID+, 'Meet me up at the overlook. We will finish this business together.', 12, 0, 100, 396, 0, 57446, 93019, 'Kor''vas Bloodthorn to Player'),
(90532, @GROUP_ID+0, @ID+, 'They did... things... to me.', 12, 0, 100, 0, 0, 72645, PLEASE_SET_A_BROADCASTTEXT_ID, 'Demon Hunter to Player'), -- BroadcastTextID: 92937 - 105537
(90532, @GROUP_ID+1, @ID+, 'The demons promised us unimaginable power.', 12, 0, 100, 0, 0, 72646, PLEASE_SET_A_BROADCASTTEXT_ID, 'Demon Hunter to Player'), -- BroadcastTextID: 92939 - 105538
(90534, @GROUP_ID+0, @ID+, 'Cyana Nightglaive turned traitor. She joined the Legion.', 12, 0, 100, 0, 0, 72660, PLEASE_SET_A_BROADCASTTEXT_ID, 'Demon Hunter to Player'), -- BroadcastTextID: 92941 - 105540
(90535, @GROUP_ID+0, @ID+, 'I didn''t give in.', 12, 0, 100, 0, 0, 72650, PLEASE_SET_A_BROADCASTTEXT_ID, 'Demon Hunter to Player'), -- BroadcastTextID: 92938 - 105536
(90536, @GROUP_ID+0, @ID+, 'A warden tried to convince us to turn traitor. I heard screaming.', 12, 0, 100, 0, 0, 52712, PLEASE_SET_A_BROADCASTTEXT_ID, 'Demon Hunter to Player'), -- BroadcastTextID: 92940 - 105539
(90536, @GROUP_ID+1, @ID+, 'Nightglaive went southwest with a warden named Cordana Felsong.', 12, 0, 100, 0, 0, 52709, PLEASE_SET_A_BROADCASTTEXT_ID, 'Demon Hunter to Player'), -- BroadcastTextID: 92942 - 105541
(90543, @GROUP_ID+0, @ID+, 'Ahh... I feared we might lose that one. He was so weak when I found him. Pick him up and take him to Senegos.', 12, 0, 100, 0, 0, 432, 93196, 'Agapanthus to Player');

INSERT INTO `creature_text` (`entry`, `groupid`, `id`, `text`, `type`, `language`, `probability`, `emote`, `duration`, `sound`, `BroadcastTextId`, `comment`) VALUES
(90546, @GROUP_ID+0, @ID+, 'Thank you, $pc. I am Stellagosa.', 12, 0, 100, 0, 0, 58353, 108427, 'Stellagosa to Player'),
(90569, @GROUP_ID+0, @ID+, 'Does this one ever stop talking?', 12, 0, 100, 0, 0, 52814, 92888, 'Projection of Senegos to Player'),
(90621, @GROUP_ID+0, @ID+, 'Yes, my mistress...', 12, 0, 100, 2, 0, 52764, 93011, 'Nightglaive the Traitor to Player'),
(90621, @GROUP_ID+1, @ID+, 'I am more powerful than all of you!', 12, 0, 100, 0, 0, 52766, 93016, 'Nightglaive the Traitor'),
(90621, @GROUP_ID+2, @ID+, 'If you only knew the Legion''s power. Join us, Kor''vas.', 12, 0, 100, 0, 0, 52763, 93210, 'Nightglaive the Traitor'),
(90621, @GROUP_ID+3, @ID+, 'But, I was promised...', 12, 0, 100, 0, 0, 52765, 93215, 'Nightglaive the Traitor to Player'),
(90622, @GROUP_ID+0, @ID+, 'Feel the fel energy course through...', 12, 0, 100, 396, 0, 52659, 93007, 'Cordana Felsong to Player'),
(90622, @GROUP_ID+1, @ID+, 'We''ve been expecting you, $p. How is Khadgar?', 12, 0, 100, 396, 0, 52662, 93008, 'Cordana Felsong to Player'),
(90622, @GROUP_ID+2, @ID+, 'Felsworn Nightglaive, prove yourself. I have other matters to attend to.', 12, 0, 100, 397, 0, 52660, 93010, 'Cordana Felsong to Player'),
(90623, @GROUP_ID+0, @ID+, 'You are nothing but a coward.', 12, 0, 100, 0, 0, 57412, 93209, 'Stellagosa to Nightglaive the Traitor'),
(90624, @GROUP_ID+0, @ID+, 'Cyana. Do not give in!', 14, 0, 100, 0, 0, 57402, 93017, 'Kor''vas Bloodthorn to Stellagosa'),
(90624, @GROUP_ID+1, @ID+, 'Never! You and your new mistress will die by my warglaives.', 12, 0, 100, 0, 0, 57405, 93211, 'Kor''vas Bloodthorn to Nightglaive the Traitor'),
(90624, @GROUP_ID+2, @ID+, '$p, let''s get out of here before we''re overrun.', 12, 0, 100, 0, 0, 57407, 93020, 'Kor''vas Bloodthorn to Stellagosa'),
(90660, @GROUP_ID+0, @ID+, 'We''ll feast on your flesh and devour your soul.', 12, 0, 100, 0, 0, 55205, 96656, 'Burning Hellion to Player'),
(90660, @GROUP_ID+1, @ID+, 'I''ll burn your kneecaps off.', 12, 0, 100, 0, 0, 55209, 96660, 'Burning Hellion to Player'),
(90661, @GROUP_ID+0, @ID+, 'I am of Argus, the mightiest world in all of the Great Dark.', 12, 0, 100, 0, 0, 57007, 102124, 'Eredar Supplicant to Player'),
(90896, @GROUP_ID+0, @ID+, 'My keepers are overrun. We will require aid.', 12, 0, 100, 0, 0, 52580, 93121, 'Agapanthus to Player'),
(90900, @GROUP_ID+0, @ID+, 'Of course.', 12, 0, 100, 0, 0, 52868, PLEASE_SET_A_BROADCASTTEXT_ID, 'Stellagosa to Player'), -- BroadcastTextID: 23157 - 29604 - 66307 - 84219 - 105854 - 119640
(90900, @GROUP_ID+1, @ID+, 'Farewell, grandfather.', 12, 0, 100, 0, 0, 52872, 93128, 'Stellagosa to Player'),
(91036, @GROUP_ID+0, @ID+, 'You WILL talk, foul demon!', 12, 0, 100, 0, 0, 0, 93014, 'Allari the Souleater'),
(91036, @GROUP_ID+1, @ID+, 'What''s he talking about? Meet me outside the gem.', 12, 0, 100, 396, 0, 0, 93013, 'Allari the Souleater to Questioner Arev''naal'),
(91060, @GROUP_ID+0, @ID+, 'Get up, brother. Wake up.', 12, 0, 100, 0, 0, 52866, 93207, 'Stellagosa to Player'),
(91060, @GROUP_ID+1, @ID+, 'No! Not you, too...', 12, 0, 100, 0, 0, 52871, 93208, 'Stellagosa to Player'),
(91095, @GROUP_ID+0, @ID+, 'We are with you, champion. Let us end this beast!', 14, 0, 100, 0, 0, 0, 111760, 'Marius Felbane to Player'),
(91131, @GROUP_ID+0, @ID+, 'This hunger is consuming my very mind. It is taking every ounce of my energy to just... just...', 12, 0, 100, 0, 0, 62761, 92890, 'Runas the Shamed to Player'),
(91165, @GROUP_ID+0, @ID+, 'Make way for the little guy!', 12, 0, 100, 0, 0, 0, 93337, 'Daglop to Player'),
(91165, @GROUP_ID+1, @ID+, 'Yes! Yes! Good! The cursed power that flows in these horns is invaluable to any evil...er... morally ambiguous ritual.', 12, 0, 100, 0, 0, 0, 93334, 'Daglop to Player'),
(91165, @GROUP_ID+2, @ID+, 'Yes! Yes! Dark-ish feathers for dark-ish purpose!', 12, 0, 100, 0, 0, 0, 93332, 'Daglop to Player'),
(91165, @GROUP_ID+3, @ID+, 'Well done, minion! One olive for each of my fingers.', 12, 0, 100, 0, 0, 0, 93335, 'Daglop to Player'),
(91165, @GROUP_ID+4, @ID+, 'Meet me at the ritual site for your reward.', 12, 0, 100, 0, 0, 0, 93338, 'Daglop to Player'),
(91184, @GROUP_ID+0, @ID+, 'Why have you summoned me here, imp?', 14, 0, 100, 0, 0, 0, 93324, 'Sharazaan to Daglop'),
(91184, @GROUP_ID+1, @ID+, 'You will pay for this betrayal!', 14, 0, 100, 0, 0, 0, 93329, 'Sharazaan'),
(91185, @GROUP_ID+0, @ID+, 'Ah... my ''former'' master. Minion! Kill it!', 12, 0, 100, 0, 0, 0, 93327, 'Daglop to Player'),
(91185, @GROUP_ID+1, @ID+, 'You failed, ''master''! Who''s the master now?', 14, 0, 100, 0, 0, 0, 93328, 'Daglop to Sharazaan'),
(91402, @GROUP_ID+0, @ID+, 'Farondis! My most loyal subject. It''s been too long.', 12, 0, 100, 1, 0, 52897, 93453, 'Vision of Queen Azshara to Player'),
(91402, @GROUP_ID+1, @ID+, 'I''m sorry, you must not recognize me.', 12, 0, 100, 1, 0, 52896, 93455, 'Vision of Queen Azshara to Player'),
(91402, @GROUP_ID+2, @ID+, 'Is this better?', 12, 0, 100, 6, 0, 52898, 93457, 'Queen Azshara to Player'),
(91402, @GROUP_ID+3, @ID+, 'Poor, deluded Farondis. Don''t you remember? I quashed your rebellion ten thousand years ago. Do you remember how powerless you were to stop me?', 12, 0, 100, 25, 0, 52894, 93459, 'Queen Azshara to Player'),
(91402, @GROUP_ID+4, @ID+, 'And look at you now! A spectre of your former self, cursed to an eternity of undeath and ineptitude.', 12, 0, 100, 0, 0, 62548, 114140, 'Queen Azshara to Player'),
(91402, @GROUP_ID+5, @ID+, 'I''m giving you an opportunity to kneel before me, princeling. Maybe something can be done about that little curse...', 12, 0, 100, 0, 0, 62549, 114141, 'Queen Azshara to Player'),
(91402, @GROUP_ID+6, @ID+, 'Ha ha ha haaa... my wrath is coming.', 12, 0, 100, 15, 0, 52895, 93462, 'Queen Azshara to Player'),
(91419, @GROUP_ID+0, @ID+, 'Welcome to our humble place of business, traveler.', 12, 0, 100, 2, 0, 40019, 92192, 'Mr. Shackle to Player'),
(91419, @GROUP_ID+1, @ID+, 'It''s unfortunate that affairs have come to this, but what are we going to do? Wait for them to come slaughter us in our sleep and go out of business?', 12, 0, 100, 6, 0, 0, 111167, 'Mr. Shackle to Player'),
(91431, @GROUP_ID+0, @ID+, 'This place is not for you.', 12, 0, 100, 0, 0, 52728, 93048, 'Spectral Student to Player'),
(91756, @GROUP_ID+0, @ID+, 'You should not be here.', 12, 0, 100, 0, 0, 52727, 93047, 'Eternal Guardian to Player'),
(91756, @GROUP_ID+1, @ID+, 'For Azshara!', 12, 0, 100, 0, 0, 52729, 93050, 'Eternal Guardian to Player'),
(91784, @GROUP_ID+0, @ID+, 'Guardians of the ritual, prepare yourselves! She will not be disappointed!', 14, 0, 100, 0, 0, 54192, 101991, 'Warlord Parjesh to Hatecoil Warrior'),
(92034, @GROUP_ID+0, @ID+, 'Thievery will not be tolerated, slave.', 12, 0, 100, 0, 0, 0, 94078, 'Slavehunter Zsanesh to Player'),
(92445, @GROUP_ID+0, @ID+, 'You are easily dealt with.', 12, 0, 100, 0, 0, 55205, 102131, 'Felguard Invader to Player'),
(92445, @GROUP_ID+1, @ID+, 'I''ll rend you limb from limb.', 12, 0, 100, 0, 0, 55188, 94935, 'Felguard Invader to Player'),
(92450, @GROUP_ID+0, @ID+, 'Surrender the Tidestone, mortal.', 12, 0, 100, 0, 0, 0, 95072, 'Eredar Riftweaver'),
(92450, @GROUP_ID+1, @ID+, 'You cannot stop us. We are infinite.', 12, 0, 100, 0, 0, 0, 95073, 'Eredar Riftweaver'),
(92450, @GROUP_ID+2, @ID+, 'The Legion''s will be done.', 12, 0, 100, 0, 0, 56967, 96719, 'Eredar Riftweaver to Player'),
(92450, @GROUP_ID+3, @ID+, 'Chaos will rain down upon you.', 12, 0, 100, 0, 0, 0, 94472, 'Eredar Riftweaver to Player'),
(92450, @GROUP_ID+4, @ID+, 'Your world will be purged!', 12, 0, 100, 0, 0, 56970, 96722, 'Eredar Riftweaver to Player'),
(92450, @GROUP_ID+5, @ID+, 'No mercy.', 12, 0, 100, 0, 0, 0, PLEASE_SET_A_BROADCASTTEXT_ID, 'Eredar Riftweaver to Player'), -- BroadcastTextID: 28771 - 94475
(92450, @GROUP_ID+6, @ID+, 'Destruction!', 12, 0, 100, 0, 0, 0, PLEASE_SET_A_BROADCASTTEXT_ID, 'Eredar Riftweaver to Player'), -- BroadcastTextID: 25554 - 83275 - 95345 - 94473
(92450, @GROUP_ID+7, @ID+, 'Here''s a small taste of my fel magic.', 12, 0, 100, 0, 0, 56984, 102125, 'Eredar Riftweaver to Player'),
(93325, @GROUP_ID+0, @ID+, 'Hurry. The Illidari are about to be overrun.', 12, 0, 100, 397, 0, 52607, 95075, 'Archmage Khadgar to Player'),
(93326, @GROUP_ID+0, @ID+, 'Do not linger here too long. The Legion is attacking everywhere.', 12, 0, 100, 274, 0, 52606, 95088, 'Archmage Khadgar to Player'),
(93326, @GROUP_ID+1, @ID+, 'Khadgar nods to Stellagosa.', 16, 0, 100, 273, 0, 0, 95090, 'Archmage Khadgar to Player'),
(93468, @GROUP_ID+0, @ID+, 'I''m taking this opportunity to leave. I''ll tell Mr. Shackle to expect you.', 12, 0, 100, 1, 0, 0, 95170, 'Seska Seafang to Player'),
(93475, @GROUP_ID+0, @ID+, 'I''m right over here. Just watch out for the giant!', 12, 0, 100, 5, 0, 0, 95199, 'Cleave Thunderhill to Player'),
(93482, @GROUP_ID+0, @ID+, 'Heyo! You... YOU! I owe you. I better get out of here.', 12, 0, 100, 25, 0, 0, 95171, 'Cleave Thunderhill to Player'),
(93487, @GROUP_ID+0, @ID+, 'You come open door. Gentle Rosh not crush you.', 12, 0, 100, 15, 0, 0, 95200, 'Gentle Rosh to Player'),
(93488, @GROUP_ID+0, @ID+, 'Gentle Rosh likes you, my little $r. Now Gentle Rosh will leave.', 12, 0, 100, 11, 0, 0, 95179, 'Gentle Rosh to Player'),
(93492, @GROUP_ID+0, @ID+, 'Hey... HEY $g mister:lady;. You gotta let me outa here.', 12, 0, 100, 3, 0, 0, 95198, 'Grace the Green to Player'),
(93495, @GROUP_ID+0, @ID+, 'I''ve been in there for days. Thank you, $c. I have got to go, if you know what I mean!', 12, 0, 100, 4, 0, 0, 95184, 'Grace the Green to Player'),
(93622, @GROUP_ID+0, @ID+, 'You and your world will soon perish.', 14, 0, 100, 1, 0, 52749, 95298, 'Mortiferous'),
(93622, @GROUP_ID+1, @ID+, 'Advance. Destroy the Illidari. Take Azsuna.', 14, 0, 100, 1, 0, 52751, 95294, 'Mortiferous'),
(100216, @GROUP_ID+0, @ID+, 'The landwalkers are here! We will drive them back by salt and scale!', 14, 0, 100, 274, 0, 0, 104346, 'Hatecoil Wrangler to Player'),
(101532, @GROUP_ID+0, @ID+, 'No! Mine!', 14, 0, 100, 0, 0, 0, 103908, 'Gilblin Looter'),
(101943, @GROUP_ID+0, @ID+, 'I serve.', 12, 0, 100, 0, 0, 55194, 102129, 'Felguard Shocktrooper to Demon Hunter'),
(103162, @GROUP_ID+0, @ID+, 'In Sargeras''s name.', 12, 0, 100, 0, 0, 56984, 96725, 'Eredar Supplicant to Player'),
(103176, @GROUP_ID+0, @ID+, 'You''re no match for me.', 12, 0, 100, 0, 0, 55379, 102135, 'Mo''arg Crusher to Player'),
(103231, @GROUP_ID+0, @ID+, 'You cannot hide from me.', 12, 0, 100, 0, 0, 55205, 102155, 'Grim Inquisitor to Player'),
(103231, @GROUP_ID+1, @ID+, 'I''ll break your will.', 12, 0, 100, 0, 0, 55379, 102160, 'Grim Inquisitor to Player'),
(103363, @GROUP_ID+0, @ID+, 'So eager to be enslaved.', 12, 0, 100, 0, 0, 55018, 97913, 'Soultorn Jailer to Player'),
(103363, @GROUP_ID+1, @ID+, 'I am your judge, jury, and executioner.', 12, 0, 100, 0, 0, 55020, 97915, 'Soultorn Jailer to Player'),
(103363, @GROUP_ID+2, @ID+, 'A new prisoner for the taking.', 12, 0, 100, 0, 0, 55014, 97909, 'Soultorn Jailer to Player'),
(106516, @GROUP_ID+0, @ID+, 'You should have joined us when you had the chance!', 12, 0, 100, 0, 0, 0, 115611, 'Empyrean Astrologer to Player'),
(106583, @GROUP_ID+0, @ID+, 'Azsuna will fall before the Legion!', 14, 0, 100, 53, 0, 0, 109786, 'Arkethrax'),
(106583, @GROUP_ID+1, @ID+, 'We cannot... be stopped...', 12, 0, 100, 0, 0, 0, 109787, 'Arkethrax to Player'),
(106881, @GROUP_ID+0, @ID+, 'By all means, keep splashing around and attract attention.', 15, 0, 100, 0, 0, 0, 111113, 'Looper Allen to Player'),
(106881, @GROUP_ID+1, @ID+, 'Right then, I''m gone.', 12, 0, 100, 0, 0, 0, 111095, 'Looper Allen to Player'),
(106990, @GROUP_ID+0, @ID+, 'What?! It''s mine. You can''t have it!', 12, 0, 100, 0, 0, 0, 111164, 'Chief Bitterbrine to Player'),
(106990, @GROUP_ID+1, @ID+, 'Lord of the tides curse you, $r!', 12, 0, 100, 0, 0, 0, 111165, 'Chief Bitterbrine to Player'),
(107244, @GROUP_ID+0, @ID+, 'Bah! That portal foundation is all wrong. It is fully exposed to tampering. Whoever made this should feel bad about themselves.', 15, 0, 100, 0, 0, 0, 111568, 'Tehd Shoemaker to Player'),
(107244, @GROUP_ID+1, @ID+, 'What is this mumbling trash? They call THIS a ritual? I could rain fire down on all of these eredar and I don''t think it could make this ritual any worse than it already is.', 15, 0, 100, 0, 0, 0, 111573, 'Tehd Shoemaker to Player'),
(107244, @GROUP_ID+2, @ID+, 'Well now, Arkethrax is leading this band? This is an opportunity I did not expect.', 15, 0, 100, 0, 0, 0, 111569, 'Tehd Shoemaker to Player'),
(107244, @GROUP_ID+3, @ID+, 'I expected more out of these demons. Maybe we can find a pitlord. I always wanted to shackle the essence of a pitlord.', 12, 0, 100, 0, 0, 0, 122437, 'Tehd Shoemaker to Player'),
(107245, @GROUP_ID+0, @ID+, 'We should continue our patrol. There is no telling how many more of these incursions pocket the landscape.', 12, 0, 100, 0, 0, 0, 122438, 'Marius Felbane to Player'),
(107301, @GROUP_ID+0, @ID+, 'Give me! Give me!', 12, 0, 100, 0, 0, 0, 116370, 'Kobold Drawing to Player'),
(107334, @GROUP_ID+0, @ID+, 'Would you mind? I''m working on a very important paper, and it''s difficult to concentrate with you neophytes shooting everything in sight.', 12, 0, 100, 0, 0, 0, 111929, 'Sythorne to Player'),
(107962, @GROUP_ID+0, @ID+, 'As I fell, I saw one of the nightfallen slinking into our caves.', 12, 0, 100, 463, 0, 0, 114497, 'Cedonu to Player'),
(107963, @GROUP_ID+0, @ID+, 'What did we do to deserve this?', 12, 0, 100, 0, 0, 0, 114496, 'Kharmeera to Player'),
(107964, @GROUP_ID+0, @ID+, 'Thank you, little $c. Senegos was wise to trust in you.', 12, 0, 100, 0, 0, 0, 114495, 'Berazus to Player'),
(107995, @GROUP_ID+0, @ID+, 'Look! They''re headed for grandfather''s pool!', 12, 0, 100, 0, 0, 63226, 106024, 'Stellagosa to Player'),
(107995, @GROUP_ID+1, @ID+, 'It''s not too late. We''ll just jump the mountains to cut them off, and...', 12, 0, 100, 0, 0, 63227, 113250, 'Stellagosa to Player'),
(107995, @GROUP_ID+2, @ID+, 'No, no... they''re everywhere!', 12, 0, 100, 0, 0, 63228, 113251, 'Stellagosa to Player'),
(107995, @GROUP_ID+3, @ID+, 'Hang on, $n. We''re going in low.', 12, 0, 100, 0, 0, 63229, 113253, 'Stellagosa to Player'),
(108479, @GROUP_ID+0, @ID+, 'What? Kallistia and Olothil are here?', 12, 0, 100, 5, 0, 0, 114062, 'Estynna Starlance to Player'),
(108479, @GROUP_ID+1, @ID+, 'I... I thought we''d lost them forever.', 12, 0, 100, 0, 0, 0, 114063, 'Estynna Starlance to Player'),
(108479, @GROUP_ID+2, @ID+, 'Hurry up, Than! Let''s find them!', 14, 0, 100, 0, 0, 0, 114064, 'Estynna Starlance to Player');

INSERT INTO `npc_spellclick_spells` (`npc_entry`, `spell_id`, `cast_flags`, `user_type`) VALUES
(108929, 216384, UNKNOWN, UNKNOWN),
(90880, 180713, UNKNOWN, UNKNOWN),
(88797, 178389, UNKNOWN, UNKNOWN),
(91449, 181456, UNKNOWN, UNKNOWN),
(106106, 210231, UNKNOWN, UNKNOWN),
(89669, 179185, UNKNOWN, UNKNOWN),
(89289, 178335, UNKNOWN, UNKNOWN),
(89290, 178335, UNKNOWN, UNKNOWN),
(106689, 211643, UNKNOWN, UNKNOWN),
(107252, 212754, UNKNOWN, UNKNOWN),
(90167, 180463, UNKNOWN, UNKNOWN),
(90263, 103583, UNKNOWN, UNKNOWN),
(100383, 103583, UNKNOWN, UNKNOWN),
(100385, 103583, UNKNOWN, UNKNOWN),
(100384, 103583, UNKNOWN, UNKNOWN);